yil;ay;otorite_adi;istasyon_adi;tekil_yolcu_sayisi;yolcu_sayisi
2025;1;IBB TOPLU ULASIM HIZMETLERI MUDURLUGU;Emirgan;6276;9501
2025;1;SINIRLI SORUMLU MAVI MARMARA TURIZM DENIZ YOLCU VE YUK TASIMA VE ISLETME KOOPERATIFI;Bostancı;32314;72426
2025;1;IBB TOPLU ULASIM HIZMETLERI MUDURLUGU;Paşabahçe;1329;3832
2025;1;IBB TOPLU ULASIM HIZMETLERI MUDURLUGU;Sütlüce;4922;8449
2025;1;IBB TOPLU ULASIM HIZMETLERI MUDURLUGU;Anadolu Kavağı;6169;10047
2025;1;IBB TOPLU ULASIM HIZMETLERI MUDURLUGU;BUYUKADA;37571;72767
2025;1;IBB TOPLU ULASIM HIZMETLERI MUDURLUGU;Eyüp;24965;34326
2025;1;IBB TOPLU ULASIM HIZMETLERI MUDURLUGU;Fener;9861;14997
2025;1;IBB TOPLU ULASIM HIZMETLERI MUDURLUGU;Üsküdar;233984;368559
2025;1;IBB TOPLU ULASIM HIZMETLERI MUDURLUGU;Beykoz;7503;14503
2025;1;S.S. ISTANBUL KARTAL DENIZ YOL YUK VE TURZ TAS MOTORLU TAS KOOP;Büyükada;15715;41279
2025;1;BEYDEN DENIZ ULASIM HIZMETLERI TURIZM VE TIC. LTD. STI.;BEYDEN - Yeniköy;8330;23676
2025;1;IBB TOPLU ULASIM HIZMETLERI MUDURLUGU;Çengelköy;12780;40667
2025;1;IBB TOPLU ULASIM HIZMETLERI MUDURLUGU;Kadıköy Yeni;1;1
2025;1;S.S. ISTANBUL KARTAL DENIZ YOL YUK VE TURZ TAS MOTORLU TAS KOOP;Kartal;18564;49867
2025;1;IBB TOPLU ULASIM HIZMETLERI MUDURLUGU;ORTAKOY;30557;50393
2025;1;IBB TOPLU ULASIM HIZMETLERI MUDURLUGU;Kuzguncuk;769;1812
2025;1;IBB TOPLU ULASIM HIZMETLERI MUDURLUGU;EMINONU KADIKOY;142125;218826
2025;1;IBB TOPLU ULASIM HIZMETLERI MUDURLUGU;KARAKOY;150047;231513
2025;1;TURYOL - S.S. TURIZM VE YOLCU DENIZ TASIYICILAR KOOPERATIFI;Kadıköy Balon;43506;66695
2025;1;IBB TOPLU ULASIM HIZMETLERI MUDURLUGU;Beylerbeyi;2398;5469
2025;1;IBB TOPLU ULASIM HIZMETLERI MUDURLUGU;Kadıköy (Eski);12831;22070
2025;1;IBB TOPLU ULASIM HIZMETLERI MUDURLUGU;Moda;1725;2475
2025;1;SINIRLI SORUMLU MAVI MARMARA TURIZM DENIZ YOLCU VE YUK TASIMA VE ISLETME KOOPERATIFI;Burgazada;4283;9093
2025;1;IBB TOPLU ULASIM HIZMETLERI MUDURLUGU;Aşiyan;22436;46230
2025;1;IBB TOPLU ULASIM HIZMETLERI MUDURLUGU;İstinye;5386;10096
2025;1;SINIRLI SORUMLU MAVI MARMARA TURIZM DENIZ YOLCU VE YUK TASIMA VE ISLETME KOOPERATIFI;Büyükada;17812;37595
2025;1;IBB TOPLU ULASIM HIZMETLERI MUDURLUGU;USKUDAR;77330;124848
2025;1;SINIRLI SORUMLU MAVI MARMARA TURIZM DENIZ YOLCU VE YUK TASIMA VE ISLETME KOOPERATIFI;Kınalıada;3827;9582
2025;1;IDO-ISTANBUL DENIZ OTD. SAN. VE TIC. A.S.;Harem;13163;23724
2025;1;DENTUR - AVRASYA DENIZ TAS.TUR.HIZ.INS.SAN.TIC. AS.;Üsküdar;307602;693812
2025;1;IBB TOPLU ULASIM HIZMETLERI MUDURLUGU;Çubuklu;1027;1394
2025;1;SINIRLI SORUMLU MAVI MARMARA TURIZM DENIZ YOLCU VE YUK TASIMA VE ISLETME KOOPERATIFI;Heybeliada;7299;17423
2025;1;IDO-ISTANBUL DENIZ OTD. SAN. VE TIC. A.S.;Kadıköy;1;1
2025;1;IBB TOPLU ULASIM HIZMETLERI MUDURLUGU;HEYBELIADA;11779;28780
2025;1;IBB TOPLU ULASIM HIZMETLERI MUDURLUGU;Arnavutköy;5481;10402
2025;1;IDO-ISTANBUL DENIZ OTD. SAN. VE TIC. A.S.;Topçular;5184;10182
2025;1;IBB TOPLU ULASIM HIZMETLERI MUDURLUGU;Kasımpaşa;19313;36669
2025;1;IBB TOPLU ULASIM HIZMETLERI MUDURLUGU;Rumeli Kavağı;2604;4143
2025;1;DENTUR - AVRASYA DENIZ TAS.TUR.HIZ.INS.SAN.TIC. AS.;Beşiktaş;348842;709096
2025;1;IBB TOPLU ULASIM HIZMETLERI MUDURLUGU;Küçüksu;8355;21047
2025;1;IBB TOPLU ULASIM HIZMETLERI MUDURLUGU;BESIKTAS;13008;25025
2025;1;DENTUR - AVRASYA DENIZ TAS.TUR.HIZ.INS.SAN.TIC. AS.;YENİ KABATAŞ;52869;119945
2025;1;IBB TOPLU ULASIM HIZMETLERI MUDURLUGU;KADIKOY ESKI;150721;224310
2025;1;IBB TOPLU ULASIM HIZMETLERI MUDURLUGU;Anadolu Hisarı;7652;15783
2025;1;IBB TOPLU ULASIM HIZMETLERI MUDURLUGU;Beşiktaş;21314;30892
2025;1;TURYOL - S.S. TURIZM VE YOLCU DENIZ TASIYICILAR KOOPERATIFI;Üsküdar;39341;78490
2025;1;IBB TOPLU ULASIM HIZMETLERI MUDURLUGU;Ayvansaray;1316;1895
2025;1;TURYOL - S.S. TURIZM VE YOLCU DENIZ TASIYICILAR KOOPERATIFI;Kadıköy Çayırbaşı;168083;265235
2025;1;IBB TOPLU ULASIM HIZMETLERI MUDURLUGU;BOSTANCI;2215;5505
2025;1;IBB TOPLU ULASIM HIZMETLERI MUDURLUGU;Eminönü - Üsküdar;161802;246999
2025;1;ISTANBUL SEHIR HATLARI TUR. SAN. VE TIC. AS.;Çubuklu Arabalı;11238;27372
2025;1;IBB TOPLU ULASIM HIZMETLERI MUDURLUGU;BURGAZADA;7664;17633
2025;1;ISTANBUL SEHIR HATLARI TUR. SAN. VE TIC. AS.;İstinye Cubuklu;12302;30242
2025;1;IBB TOPLU ULASIM HIZMETLERI MUDURLUGU;YENİ KABATAŞ;55219;110182
2025;1;TURYOL - S.S. TURIZM VE YOLCU DENIZ TASIYICILAR KOOPERATIFI;Eminönü;137029;213678
2025;1;DENTUR - AVRASYA DENIZ TAS.TUR.HIZ.INS.SAN.TIC. AS.;Kabataş Ahşap İskele;1775;2438
2025;1;IBB TOPLU ULASIM HIZMETLERI MUDURLUGU;Bebek;7094;11867
2025;1;SINIRLI SORUMLU MAVI MARMARA TURIZM DENIZ YOLCU VE YUK TASIMA VE ISLETME KOOPERATIFI;;2;2
2025;1;S.S. ISTANBUL KARTAL DENIZ YOL YUK VE TURZ TAS MOTORLU TAS KOOP;Heybelıada;4729;12922
2025;1;IBB TOPLU ULASIM HIZMETLERI MUDURLUGU;Büyükdere;2579;3676
2025;1;IBB TOPLU ULASIM HIZMETLERI MUDURLUGU;KADIKOY YENI;181428;314211
2025;1;IBB TOPLU ULASIM HIZMETLERI MUDURLUGU;Bostancı;12228;24821
2025;1;IBB TOPLU ULASIM HIZMETLERI MUDURLUGU;Kanlıca;2834;4765
2025;1;IBB TOPLU ULASIM HIZMETLERI MUDURLUGU;Ortaköy;11302;17087
2025;1;BEYDEN DENIZ ULASIM HIZMETLERI TURIZM VE TIC. LTD. STI.;BEYDEN - Beykoz;8385;22793
2025;1;IBB TOPLU ULASIM HIZMETLERI MUDURLUGU;Balat;3622;5690
2025;1;IBB TOPLU ULASIM HIZMETLERI MUDURLUGU;Sarıyer;13645;25565
2025;1;TURYOL - S.S. TURIZM VE YOLCU DENIZ TASIYICILAR KOOPERATIFI;Karaköy;66724;144091
2025;1;IBB TOPLU ULASIM HIZMETLERI MUDURLUGU;BARBAROS;105722;160658
2025;1;IBB TOPLU ULASIM HIZMETLERI MUDURLUGU;EMINONU BOGAZ;62881;117113
2025;1;IDO-ISTANBUL DENIZ OTD. SAN. VE TIC. A.S.;Sirkeci-Harem;13329;24347
2025;1;IBB TOPLU ULASIM HIZMETLERI MUDURLUGU;KINALIADA;5409;11804
2025;1;IBB TOPLU ULASIM HIZMETLERI MUDURLUGU;Karaköy;15726;21917
2025;1;IBB TOPLU ULASIM HIZMETLERI MUDURLUGU;Kandilli;637;1658
2025;1;IDO-ISTANBUL DENIZ OTD. SAN. VE TIC. A.S.;Eskihisar;5347;10357
2025;1;IBB TOPLU ULASIM HIZMETLERI MUDURLUGU;Hasköy;8733;16217
2025;1;IBB TOPLU ULASIM HIZMETLERI MUDURLUGU;;7689;13963
2025;2;IBB TOPLU ULASIM HIZMETLERI MUDURLUGU;Üsküdar;134616;216702
2025;2;IDO-ISTANBUL DENIZ OTD. SAN. VE TIC. A.S.;Topçular;4182;8130
2025;2;IBB TOPLU ULASIM HIZMETLERI MUDURLUGU;Beşiktaş;12810;18994
2025;2;IBB TOPLU ULASIM HIZMETLERI MUDURLUGU;Aşiyan;15597;37777
2025;2;IBB TOPLU ULASIM HIZMETLERI MUDURLUGU;YENİ KABATAŞ;37859;77802
2025;2;IBB TOPLU ULASIM HIZMETLERI MUDURLUGU;;4633;9275
2025;2;IBB TOPLU ULASIM HIZMETLERI MUDURLUGU;Rumeli Kavağı;1175;2120
2025;2;IBB TOPLU ULASIM HIZMETLERI MUDURLUGU;Anadolu Hisarı;5308;12582
2025;2;IBB TOPLU ULASIM HIZMETLERI MUDURLUGU;Bebek;3946;6994
2025;2;IBB TOPLU ULASIM HIZMETLERI MUDURLUGU;Bostancı;8736;18862
2025;2;SINIRLI SORUMLU MAVI MARMARA TURIZM DENIZ YOLCU VE YUK TASIMA VE ISLETME KOOPERATIFI;Kınalıada;2554;7347
2025;2;IBB TOPLU ULASIM HIZMETLERI MUDURLUGU;BESIKTAS;7947;16448
2025;2;IBB TOPLU ULASIM HIZMETLERI MUDURLUGU;BUYUKADA;22992;49699
2025;2;IBB TOPLU ULASIM HIZMETLERI MUDURLUGU;Küçüksu;6321;19350
2025;2;IBB TOPLU ULASIM HIZMETLERI MUDURLUGU;Kasımpaşa;13001;26017
2025;2;IBB TOPLU ULASIM HIZMETLERI MUDURLUGU;KADIKOY YENI;122683;221035
2025;2;IBB TOPLU ULASIM HIZMETLERI MUDURLUGU;EMINONU KADIKOY;90975;142519
2025;2;IBB TOPLU ULASIM HIZMETLERI MUDURLUGU;Paşabahçe;842;2899
2025;2;IBB TOPLU ULASIM HIZMETLERI MUDURLUGU;Çubuklu;408;626
2025;2;DENTUR - AVRASYA DENIZ TAS.TUR.HIZ.INS.SAN.TIC. AS.;Kabataş Ahşap İskele;1119;1209
2025;2;IBB TOPLU ULASIM HIZMETLERI MUDURLUGU;USKUDAR;46002;81173
2025;2;IBB TOPLU ULASIM HIZMETLERI MUDURLUGU;Kadıköy (Eski);7748;14434
2025;2;DENTUR - AVRASYA DENIZ TAS.TUR.HIZ.INS.SAN.TIC. AS.;Üsküdar;219588;522059
2025;2;BEYDEN DENIZ ULASIM HIZMETLERI TURIZM VE TIC. LTD. STI.;BEYDEN - Beykoz;5636;17111
2025;2;IBB TOPLU ULASIM HIZMETLERI MUDURLUGU;BOSTANCI;1358;4092
2025;2;IBB TOPLU ULASIM HIZMETLERI MUDURLUGU;Beylerbeyi;1489;3996
2025;2;IBB TOPLU ULASIM HIZMETLERI MUDURLUGU;Sarıyer;7541;15941
2025;2;ISTANBUL SEHIR HATLARI TUR. SAN. VE TIC. AS.;Çubuklu Arabalı;7672;19778
2025;2;SINIRLI SORUMLU MAVI MARMARA TURIZM DENIZ YOLCU VE YUK TASIMA VE ISLETME KOOPERATIFI;Büyükada;11768;26991
2025;2;IBB TOPLU ULASIM HIZMETLERI MUDURLUGU;Büyükdere;1306;1949
2025;2;ISTANBUL SEHIR HATLARI TUR. SAN. VE TIC. AS.;İstinye Cubuklu;8748;22329
2025;2;TURYOL - S.S. TURIZM VE YOLCU DENIZ TASIYICILAR KOOPERATIFI;Kadıköy Balon;30106;47041
2025;2;IBB TOPLU ULASIM HIZMETLERI MUDURLUGU;Balat;2137;3478
2025;2;IBB TOPLU ULASIM HIZMETLERI MUDURLUGU;Anadolu Kavağı;2816;5464
2025;2;S.S. ISTANBUL KARTAL DENIZ YOL YUK VE TURZ TAS MOTORLU TAS KOOP;;1;1
2025;2;IBB TOPLU ULASIM HIZMETLERI MUDURLUGU;Beykoz;4228;9450
2025;2;SINIRLI SORUMLU MAVI MARMARA TURIZM DENIZ YOLCU VE YUK TASIMA VE ISLETME KOOPERATIFI;Burgazada;2626;6394
2025;2;IBB TOPLU ULASIM HIZMETLERI MUDURLUGU;ORTAKOY;19828;34314
2025;2;IBB TOPLU ULASIM HIZMETLERI MUDURLUGU;Moda;877;1327
2025;2;IBB TOPLU ULASIM HIZMETLERI MUDURLUGU;Kanlıca;1528;2787
2025;2;IBB TOPLU ULASIM HIZMETLERI MUDURLUGU;KINALIADA;3075;7984
2025;2;S.S. ISTANBUL KARTAL DENIZ YOL YUK VE TURZ TAS MOTORLU TAS KOOP;Kartal;12108;37442
2025;2;IBB TOPLU ULASIM HIZMETLERI MUDURLUGU;HEYBELIADA;7842;22989
2025;2;TURYOL - S.S. TURIZM VE YOLCU DENIZ TASIYICILAR KOOPERATIFI;Kadıköy Çayırbaşı;110499;178554
2025;2;IBB TOPLU ULASIM HIZMETLERI MUDURLUGU;Arnavutköy;3458;6925
2025;2;IBB TOPLU ULASIM HIZMETLERI MUDURLUGU;Kandilli;482;1243
2025;2;IBB TOPLU ULASIM HIZMETLERI MUDURLUGU;Eyüp;12195;17122
2025;2;IDO-ISTANBUL DENIZ OTD. SAN. VE TIC. A.S.;Eskihisar;4259;8378
2025;2;IBB TOPLU ULASIM HIZMETLERI MUDURLUGU;EMINONU BOGAZ;39904;79362
2025;2;IBB TOPLU ULASIM HIZMETLERI MUDURLUGU;BARBAROS;74477;112875
2025;2;TURYOL - S.S. TURIZM VE YOLCU DENIZ TASIYICILAR KOOPERATIFI;Üsküdar;24225;53515
2025;2;S.S. ISTANBUL KARTAL DENIZ YOL YUK VE TURZ TAS MOTORLU TAS KOOP;Büyükada;10162;30792
2025;2;IBB TOPLU ULASIM HIZMETLERI MUDURLUGU;Hasköy;5520;10745
2025;2;IBB TOPLU ULASIM HIZMETLERI MUDURLUGU;KARAKOY;96587;153357
2025;2;S.S. ISTANBUL KARTAL DENIZ YOL YUK VE TURZ TAS MOTORLU TAS KOOP;Heybelıada;3447;10020
2025;2;IBB TOPLU ULASIM HIZMETLERI MUDURLUGU;Sütlüce;3346;5666
2025;2;SINIRLI SORUMLU MAVI MARMARA TURIZM DENIZ YOLCU VE YUK TASIMA VE ISLETME KOOPERATIFI;Bostancı;21462;52091
2025;2;TURYOL - S.S. TURIZM VE YOLCU DENIZ TASIYICILAR KOOPERATIFI;Eminönü;81897;130187
2025;2;IBB TOPLU ULASIM HIZMETLERI MUDURLUGU;Fener;6212;9998
2025;2;TURYOL - S.S. TURIZM VE YOLCU DENIZ TASIYICILAR KOOPERATIFI;Karaköy;44808;105431
2025;2;DENTUR - AVRASYA DENIZ TAS.TUR.HIZ.INS.SAN.TIC. AS.;YENİ KABATAŞ;36118;86944
2025;2;IBB TOPLU ULASIM HIZMETLERI MUDURLUGU;Ayvansaray;816;1197
2025;2;BEYDEN DENIZ ULASIM HIZMETLERI TURIZM VE TIC. LTD. STI.;BEYDEN - Yeniköy;5778;18416
2025;2;IBB TOPLU ULASIM HIZMETLERI MUDURLUGU;Kuzguncuk;577;1404
2025;2;IDO-ISTANBUL DENIZ OTD. SAN. VE TIC. A.S.;Sirkeci-Harem;9007;15950
2025;2;IDO-ISTANBUL DENIZ OTD. SAN. VE TIC. A.S.;Harem;8894;15378
2025;2;IBB TOPLU ULASIM HIZMETLERI MUDURLUGU;Eminönü - Üsküdar;93759;144442
2025;2;IBB TOPLU ULASIM HIZMETLERI MUDURLUGU;Karaköy;10300;15073
2025;2;IBB TOPLU ULASIM HIZMETLERI MUDURLUGU;Çengelköy;8935;32918
2025;2;SINIRLI SORUMLU MAVI MARMARA TURIZM DENIZ YOLCU VE YUK TASIMA VE ISLETME KOOPERATIFI;Heybeliada;4899;12948
2025;2;IBB TOPLU ULASIM HIZMETLERI MUDURLUGU;Poyraz;221;225
2025;2;IBB TOPLU ULASIM HIZMETLERI MUDURLUGU;BURGAZADA;4250;11646
2025;2;IBB TOPLU ULASIM HIZMETLERI MUDURLUGU;İstinye;3056;6156
2025;2;DENTUR - AVRASYA DENIZ TAS.TUR.HIZ.INS.SAN.TIC. AS.;Beşiktaş;245652;524166
2025;2;IBB TOPLU ULASIM HIZMETLERI MUDURLUGU;Emirgan;2833;4496
2025;2;IBB TOPLU ULASIM HIZMETLERI MUDURLUGU;KADIKOY ESKI;102698;153930
2025;2;IBB TOPLU ULASIM HIZMETLERI MUDURLUGU;Yenikapı;1;1
2025;2;IBB TOPLU ULASIM HIZMETLERI MUDURLUGU;Ortaköy;7338;11297
2025;3;SINIRLI SORUMLU MAVI MARMARA TURIZM DENIZ YOLCU VE YUK TASIMA VE ISLETME KOOPERATIFI;Kınalıada;6428;14182
2025;3;IBB TOPLU ULASIM HIZMETLERI MUDURLUGU;Eminönü - Üsküdar;130107;203743
2025;3;IBB TOPLU ULASIM HIZMETLERI MUDURLUGU;Küçüksu;8865;27257
2025;3;IBB TOPLU ULASIM HIZMETLERI MUDURLUGU;Emirgan;6726;10336
2025;3;IBB TOPLU ULASIM HIZMETLERI MUDURLUGU;Bebek;8287;13301
2025;3;IBB TOPLU ULASIM HIZMETLERI MUDURLUGU;Karaköy;12404;19043
2025;3;IBB TOPLU ULASIM HIZMETLERI MUDURLUGU;HEYBELIADA;16901;38161
2025;3;IBB TOPLU ULASIM HIZMETLERI MUDURLUGU;Arnavutköy;5306;9931
2025;3;DENTUR - AVRASYA DENIZ TAS.TUR.HIZ.INS.SAN.TIC. AS.;Beşiktaş;316238;693694
2025;3;TURYOL - S.S. TURIZM VE YOLCU DENIZ TASIYICILAR KOOPERATIFI;Kadıköy Balon;40210;63290
2025;3;DENTUR - AVRASYA DENIZ TAS.TUR.HIZ.INS.SAN.TIC. AS.;Üsküdar;281002;678935
2025;3;IBB TOPLU ULASIM HIZMETLERI MUDURLUGU;Kasımpaşa;17221;34677
2025;3;IBB TOPLU ULASIM HIZMETLERI MUDURLUGU;Balat;3085;5023
2025;3;IBB TOPLU ULASIM HIZMETLERI MUDURLUGU;Rumeli Kavağı;2607;4276
2025;3;IBB TOPLU ULASIM HIZMETLERI MUDURLUGU;BESIKTAS;12490;23421
2025;3;IBB TOPLU ULASIM HIZMETLERI MUDURLUGU;Kadıköy Yeni;2;3
2025;3;IBB TOPLU ULASIM HIZMETLERI MUDURLUGU;ORTAKOY;22302;38716
2025;3;IBB TOPLU ULASIM HIZMETLERI MUDURLUGU;KARAKOY;121600;197447
2025;3;IBB TOPLU ULASIM HIZMETLERI MUDURLUGU;Üsküdar;175415;288605
2025;3;IBB TOPLU ULASIM HIZMETLERI MUDURLUGU;BOSTANCI;2605;5990
2025;3;IBB TOPLU ULASIM HIZMETLERI MUDURLUGU;KADIKOY ESKI;141490;216573
2025;3;IBB TOPLU ULASIM HIZMETLERI MUDURLUGU;BARBAROS;102253;157975
2025;3;IBB TOPLU ULASIM HIZMETLERI MUDURLUGU;;11258;19150
2025;3;SINIRLI SORUMLU MAVI MARMARA TURIZM DENIZ YOLCU VE YUK TASIMA VE ISLETME KOOPERATIFI;Bostancı;50052;101068
2025;3;IBB TOPLU ULASIM HIZMETLERI MUDURLUGU;Anadolu Kavağı;6330;10390
2025;3;IBB TOPLU ULASIM HIZMETLERI MUDURLUGU;Paşabahçe;1143;3342
2025;3;S.S. ISTANBUL KARTAL DENIZ YOL YUK VE TURZ TAS MOTORLU TAS KOOP;Kartal;25430;61760
2025;3;DENTUR - AVRASYA DENIZ TAS.TUR.HIZ.INS.SAN.TIC. AS.;Kabataş Ahşap İskele;2127;2839
2025;3;TURYOL - S.S. TURIZM VE YOLCU DENIZ TASIYICILAR KOOPERATIFI;Üsküdar;32278;69908
2025;3;IBB TOPLU ULASIM HIZMETLERI MUDURLUGU;BURGAZADA;12018;23633
2025;3;IBB TOPLU ULASIM HIZMETLERI MUDURLUGU;Ortaköy;8069;12348
2025;3;IDO-ISTANBUL DENIZ OTD. SAN. VE TIC. A.S.;Topçular;4983;10469
2025;3;IBB TOPLU ULASIM HIZMETLERI MUDURLUGU;KINALIADA;9366;17788
2025;3;IBB TOPLU ULASIM HIZMETLERI MUDURLUGU;KADIKOY YENI;158681;284883
2025;3;S.S. ISTANBUL KARTAL DENIZ YOL YUK VE TURZ TAS MOTORLU TAS KOOP;;14;20
2025;3;S.S. ISTANBUL KARTAL DENIZ YOL YUK VE TURZ TAS MOTORLU TAS KOOP;Büyükada;21123;51194
2025;3;SINIRLI SORUMLU MAVI MARMARA TURIZM DENIZ YOLCU VE YUK TASIMA VE ISLETME KOOPERATIFI;Burgazada;7393;13301
2025;3;SINIRLI SORUMLU MAVI MARMARA TURIZM DENIZ YOLCU VE YUK TASIMA VE ISLETME KOOPERATIFI;Heybeliada;10009;21542
2025;3;SINIRLI SORUMLU MAVI MARMARA TURIZM DENIZ YOLCU VE YUK TASIMA VE ISLETME KOOPERATIFI;Büyükada;24709;48188
2025;3;IBB TOPLU ULASIM HIZMETLERI MUDURLUGU;Sarıyer;12609;24819
2025;3;IBB TOPLU ULASIM HIZMETLERI MUDURLUGU;Çubuklu;777;1091
2025;3;DENTUR - AVRASYA DENIZ TAS.TUR.HIZ.INS.SAN.TIC. AS.;YENİ KABATAŞ;46358;109383
2025;3;IBB TOPLU ULASIM HIZMETLERI MUDURLUGU;Anadolu Hisarı;7555;17124
2025;3;IBB TOPLU ULASIM HIZMETLERI MUDURLUGU;Poyraz;984;1126
2025;3;IBB TOPLU ULASIM HIZMETLERI MUDURLUGU;Beşiktaş;22376;33345
2025;3;IDO-ISTANBUL DENIZ OTD. SAN. VE TIC. A.S.;Eskihisar;5417;11162
2025;3;IDO-ISTANBUL DENIZ OTD. SAN. VE TIC. A.S.;Sirkeci-Harem;11768;20882
2025;3;IBB TOPLU ULASIM HIZMETLERI MUDURLUGU;İstinye;4668;8712
2025;3;TURYOL - S.S. TURIZM VE YOLCU DENIZ TASIYICILAR KOOPERATIFI;Karaköy;55704;127149
2025;3;BEYDEN DENIZ ULASIM HIZMETLERI TURIZM VE TIC. LTD. STI.;BEYDEN - Beykoz;7659;21408
2025;3;IBB TOPLU ULASIM HIZMETLERI MUDURLUGU;Bostancı;18354;33127
2025;3;TURYOL - S.S. TURIZM VE YOLCU DENIZ TASIYICILAR KOOPERATIFI;Kadıköy Çayırbaşı;154732;251535
2025;3;S.S. ISTANBUL KARTAL DENIZ YOL YUK VE TURZ TAS MOTORLU TAS KOOP;Heybelıada;6813;16494
2025;3;IBB TOPLU ULASIM HIZMETLERI MUDURLUGU;Eyüp;20938;29112
2025;3;IBB TOPLU ULASIM HIZMETLERI MUDURLUGU;Kuzguncuk;682;1678
2025;3;IBB TOPLU ULASIM HIZMETLERI MUDURLUGU;Sütlüce;4649;8086
2025;3;IBB TOPLU ULASIM HIZMETLERI MUDURLUGU;Kanlıca;2815;4616
2025;3;IBB TOPLU ULASIM HIZMETLERI MUDURLUGU;Yenikapı;1;1
2025;3;IBB TOPLU ULASIM HIZMETLERI MUDURLUGU;Kadıköy (Eski);18420;30099
2025;3;IBB TOPLU ULASIM HIZMETLERI MUDURLUGU;Beylerbeyi;2090;4991
2025;3;IDO-ISTANBUL DENIZ OTD. SAN. VE TIC. A.S.;Harem;11824;21061
2025;3;IBB TOPLU ULASIM HIZMETLERI MUDURLUGU;Ayvansaray;1278;1888
2025;3;TURYOL - S.S. TURIZM VE YOLCU DENIZ TASIYICILAR KOOPERATIFI;Eminönü;110807;182156
2025;3;IBB TOPLU ULASIM HIZMETLERI MUDURLUGU;Moda;2005;2985
2025;3;IBB TOPLU ULASIM HIZMETLERI MUDURLUGU;YENİ KABATAŞ;63739;123693
2025;3;IBB TOPLU ULASIM HIZMETLERI MUDURLUGU;Çengelköy;10453;35989
2025;3;BEYDEN DENIZ ULASIM HIZMETLERI TURIZM VE TIC. LTD. STI.;BEYDEN - Yeniköy;7815;23301
2025;3;ISTANBUL SEHIR HATLARI TUR. SAN. VE TIC. AS.;Çubuklu Arabalı;9955;25881
2025;3;IBB TOPLU ULASIM HIZMETLERI MUDURLUGU;EMINONU KADIKOY;119169;189439
2025;3;IBB TOPLU ULASIM HIZMETLERI MUDURLUGU;EMINONU BOGAZ;53945;101361
2025;3;IBB TOPLU ULASIM HIZMETLERI MUDURLUGU;USKUDAR;66173;113915
2025;3;IBB TOPLU ULASIM HIZMETLERI MUDURLUGU;Fener;9108;14696
2025;3;IBB TOPLU ULASIM HIZMETLERI MUDURLUGU;Kandilli;547;1473
2025;3;IBB TOPLU ULASIM HIZMETLERI MUDURLUGU;BUYUKADA;55969;103571
2025;3;IBB TOPLU ULASIM HIZMETLERI MUDURLUGU;Aşiyan;21803;52985
2025;3;IBB TOPLU ULASIM HIZMETLERI MUDURLUGU;Beykoz;6583;13606
2025;3;SINIRLI SORUMLU MAVI MARMARA TURIZM DENIZ YOLCU VE YUK TASIMA VE ISLETME KOOPERATIFI;;27;27
2025;3;IBB TOPLU ULASIM HIZMETLERI MUDURLUGU;Büyükdere;2037;3097
2025;3;IDO-ISTANBUL DENIZ OTD. SAN. VE TIC. A.S.;Kadıköy;2;2
2025;3;IBB TOPLU ULASIM HIZMETLERI MUDURLUGU;Hasköy;8393;15601
2025;3;ISTANBUL SEHIR HATLARI TUR. SAN. VE TIC. AS.;İstinye Cubuklu;11165;29540
2025;4;TURYOL - S.S. TURIZM VE YOLCU DENIZ TASIYICILAR KOOPERATIFI;Eminönü;138949;215619
2025;4;SINIRLI SORUMLU MAVI MARMARA TURIZM DENIZ YOLCU VE YUK TASIMA VE ISLETME KOOPERATIFI;Kınalıada;6979;15473
2025;4;IBB TOPLU ULASIM HIZMETLERI MUDURLUGU;Moda;1922;2755
2025;4;BEYDEN DENIZ ULASIM HIZMETLERI TURIZM VE TIC. LTD. STI.;BEYDEN - Yeniköy;8975;23916
2025;4;S.S. ISTANBUL KARTAL DENIZ YOL YUK VE TURZ TAS MOTORLU TAS KOOP;;25;62
2025;4;IBB TOPLU ULASIM HIZMETLERI MUDURLUGU;Çengelköy;13216;38009
2025;4;IBB TOPLU ULASIM HIZMETLERI MUDURLUGU;Rumeli Kavağı;3069;4598
2025;4;IBB TOPLU ULASIM HIZMETLERI MUDURLUGU;Ayvansaray;1533;2155
2025;4;IBB TOPLU ULASIM HIZMETLERI MUDURLUGU;Beykoz;7870;15022
2025;4;IBB TOPLU ULASIM HIZMETLERI MUDURLUGU;Aşiyan;28409;56198
2025;4;BEYDEN DENIZ ULASIM HIZMETLERI TURIZM VE TIC. LTD. STI.;BEYDEN - Beykoz;8870;22380
2025;4;IBB TOPLU ULASIM HIZMETLERI MUDURLUGU;BUYUKADA;74608;128166
2025;4;TURYOL - S.S. TURIZM VE YOLCU DENIZ TASIYICILAR KOOPERATIFI;Kadıköy Çayırbaşı;172009;273553
2025;4;IBB TOPLU ULASIM HIZMETLERI MUDURLUGU;Sütlüce;5065;8340
2025;4;IBB TOPLU ULASIM HIZMETLERI MUDURLUGU;Üsküdar;227211;359164
2025;4;IBB TOPLU ULASIM HIZMETLERI MUDURLUGU;KADIKOY YENI;175794;309017
2025;4;IBB TOPLU ULASIM HIZMETLERI MUDURLUGU;Bebek;9082;14362
2025;4;IBB TOPLU ULASIM HIZMETLERI MUDURLUGU;Arnavutköy;6353;11214
2025;4;IBB TOPLU ULASIM HIZMETLERI MUDURLUGU;Büyükdere;2094;3182
2025;4;IBB TOPLU ULASIM HIZMETLERI MUDURLUGU;KADIKOY ESKI;153217;226540
2025;4;IBB TOPLU ULASIM HIZMETLERI MUDURLUGU;Beşiktaş;26941;39051
2025;4;IBB TOPLU ULASIM HIZMETLERI MUDURLUGU;Yenikapı;1;1
2025;4;TURYOL - S.S. TURIZM VE YOLCU DENIZ TASIYICILAR KOOPERATIFI;Üsküdar;37360;73218
2025;4;IBB TOPLU ULASIM HIZMETLERI MUDURLUGU;EMINONU BOGAZ;78707;139147
2025;4;IBB TOPLU ULASIM HIZMETLERI MUDURLUGU;Eyüp;23127;32137
2025;4;IBB TOPLU ULASIM HIZMETLERI MUDURLUGU;Balat;3841;6012
2025;4;IBB TOPLU ULASIM HIZMETLERI MUDURLUGU;Anadolu Kavağı;8213;12420
2025;4;S.S. ISTANBUL KARTAL DENIZ YOL YUK VE TURZ TAS MOTORLU TAS KOOP;Kartal;29971;66122
2025;4;IBB TOPLU ULASIM HIZMETLERI MUDURLUGU;Karaköy;14276;20776
2025;4;S.S. ISTANBUL KARTAL DENIZ YOL YUK VE TURZ TAS MOTORLU TAS KOOP;Büyükada;24963;54750
2025;4;IBB TOPLU ULASIM HIZMETLERI MUDURLUGU;Ortaköy;12821;19504
2025;4;IBB TOPLU ULASIM HIZMETLERI MUDURLUGU;Paşabahçe;1328;3467
2025;4;IBB TOPLU ULASIM HIZMETLERI MUDURLUGU;Bostancı;21582;36452
2025;4;IDO-ISTANBUL DENIZ OTD. SAN. VE TIC. A.S.;Harem;13772;23722
2025;4;IBB TOPLU ULASIM HIZMETLERI MUDURLUGU;BARBAROS;109030;163394
2025;4;SINIRLI SORUMLU MAVI MARMARA TURIZM DENIZ YOLCU VE YUK TASIMA VE ISLETME KOOPERATIFI;Burgazada;7599;13782
2025;4;ISTANBUL SEHIR HATLARI TUR. SAN. VE TIC. AS.;İstinye Cubuklu;15436;32678
2025;4;IBB TOPLU ULASIM HIZMETLERI MUDURLUGU;Çubuklu;1040;1348
2025;4;IBB TOPLU ULASIM HIZMETLERI MUDURLUGU;BOSTANCI;2469;5664
2025;4;IBB TOPLU ULASIM HIZMETLERI MUDURLUGU;Kadıköy (Eski);23743;36048
2025;4;SINIRLI SORUMLU MAVI MARMARA TURIZM DENIZ YOLCU VE YUK TASIMA VE ISLETME KOOPERATIFI;Bostancı;53127;102237
2025;4;IBB TOPLU ULASIM HIZMETLERI MUDURLUGU;BURGAZADA;14878;27168
2025;4;IBB TOPLU ULASIM HIZMETLERI MUDURLUGU;Kadıköy Yeni;1;1
2025;4;DENTUR - AVRASYA DENIZ TAS.TUR.HIZ.INS.SAN.TIC. AS.;Kabataş Ahşap İskele;1727;2221
2025;4;IDO-ISTANBUL DENIZ OTD. SAN. VE TIC. A.S.;Eskihisar;6063;11860
2025;4;ISTANBUL SEHIR HATLARI TUR. SAN. VE TIC. AS.;Çubuklu Arabalı;13876;28881
2025;4;SINIRLI SORUMLU MAVI MARMARA TURIZM DENIZ YOLCU VE YUK TASIMA VE ISLETME KOOPERATIFI;Büyükada;28499;52455
2025;4;DENTUR - AVRASYA DENIZ TAS.TUR.HIZ.INS.SAN.TIC. AS.;Üsküdar;313099;693815
2025;4;IBB TOPLU ULASIM HIZMETLERI MUDURLUGU;EMINONU KADIKOY;149072;232424
2025;4;IBB TOPLU ULASIM HIZMETLERI MUDURLUGU;YENİ KABATAŞ;76669;142875
2025;4;TURYOL - S.S. TURIZM VE YOLCU DENIZ TASIYICILAR KOOPERATIFI;Karaköy;61037;130432
2025;4;IBB TOPLU ULASIM HIZMETLERI MUDURLUGU;Emirgan;25424;33494
2025;4;IBB TOPLU ULASIM HIZMETLERI MUDURLUGU;KINALIADA;10287;19314
2025;4;IBB TOPLU ULASIM HIZMETLERI MUDURLUGU;Anadolu Hisarı;10098;18893
2025;4;DENTUR - AVRASYA DENIZ TAS.TUR.HIZ.INS.SAN.TIC. AS.;Beşiktaş;350548;706686
2025;4;IBB TOPLU ULASIM HIZMETLERI MUDURLUGU;USKUDAR;82753;130127
2025;4;IBB TOPLU ULASIM HIZMETLERI MUDURLUGU;Hasköy;9852;17048
2025;4;IBB TOPLU ULASIM HIZMETLERI MUDURLUGU;Sarıyer;14791;27273
2025;4;IBB TOPLU ULASIM HIZMETLERI MUDURLUGU;Fener;11572;17875
2025;4;S.S. ISTANBUL KARTAL DENIZ YOL YUK VE TURZ TAS MOTORLU TAS KOOP;Heybelıada;7671;16971
2025;4;IBB TOPLU ULASIM HIZMETLERI MUDURLUGU;Kandilli;689;1560
2025;4;IBB TOPLU ULASIM HIZMETLERI MUDURLUGU;Beylerbeyi;2513;5449
2025;4;IBB TOPLU ULASIM HIZMETLERI MUDURLUGU;HEYBELIADA;20421;41448
2025;4;IDO-ISTANBUL DENIZ OTD. SAN. VE TIC. A.S.;Topçular;5723;11441
2025;4;DENTUR - AVRASYA DENIZ TAS.TUR.HIZ.INS.SAN.TIC. AS.;YENİ KABATAŞ;51864;114327
2025;4;IBB TOPLU ULASIM HIZMETLERI MUDURLUGU;Eminönü - Üsküdar;164505;250863
2025;4;IBB TOPLU ULASIM HIZMETLERI MUDURLUGU;BESIKTAS;17151;29082
2025;4;TURYOL - S.S. TURIZM VE YOLCU DENIZ TASIYICILAR KOOPERATIFI;Kadıköy Balon;40072;61297
2025;4;IBB TOPLU ULASIM HIZMETLERI MUDURLUGU;Kasımpaşa;18630;35914
2025;4;IBB TOPLU ULASIM HIZMETLERI MUDURLUGU;İstinye;6023;10499
2025;4;IBB TOPLU ULASIM HIZMETLERI MUDURLUGU;ORTAKOY;33132;54840
2025;4;IBB TOPLU ULASIM HIZMETLERI MUDURLUGU;Küçüksu;10111;25736
2025;4;IBB TOPLU ULASIM HIZMETLERI MUDURLUGU;Kanlıca;4535;6626
2025;4;IDO-ISTANBUL DENIZ OTD. SAN. VE TIC. A.S.;Sirkeci-Harem;13475;24108
2025;4;IBB TOPLU ULASIM HIZMETLERI MUDURLUGU;;14105;22580
2025;4;IBB TOPLU ULASIM HIZMETLERI MUDURLUGU;Kuzguncuk;893;1870
2025;4;SINIRLI SORUMLU MAVI MARMARA TURIZM DENIZ YOLCU VE YUK TASIMA VE ISLETME KOOPERATIFI;Heybeliada;11020;22591
2025;4;IBB TOPLU ULASIM HIZMETLERI MUDURLUGU;KARAKOY;134255;213456
2025;5;IBB TOPLU ULASIM HIZMETLERI MUDURLUGU;BESIKTAS;17218;30283
2025;5;IBB TOPLU ULASIM HIZMETLERI MUDURLUGU;İstinye;6652;11552
2025;5;IBB TOPLU ULASIM HIZMETLERI MUDURLUGU;ORTAKOY;33765;55472
2025;5;IBB TOPLU ULASIM HIZMETLERI MUDURLUGU;BURGAZADA;22585;37668
2025;5;IBB TOPLU ULASIM HIZMETLERI MUDURLUGU;BARBAROS;114221;174849
2025;5;IBB TOPLU ULASIM HIZMETLERI MUDURLUGU;EMINONU KADIKOY;149818;233419
2025;5;IBB TOPLU ULASIM HIZMETLERI MUDURLUGU;Çengelköy;14178;41693
2025;5;DENTUR - AVRASYA DENIZ TAS.TUR.HIZ.INS.SAN.TIC. AS.;Beşiktaş;374332;787955
2025;5;S.S. ISTANBUL KARTAL DENIZ YOL YUK VE TURZ TAS MOTORLU TAS KOOP;Kartal;37330;79146
2025;5;TURYOL - S.S. TURIZM VE YOLCU DENIZ TASIYICILAR KOOPERATIFI;Kadıköy Balon;43301;67473
2025;5;IBB TOPLU ULASIM HIZMETLERI MUDURLUGU;Kanlıca;4138;6283
2025;5;IBB TOPLU ULASIM HIZMETLERI MUDURLUGU;;20936;32145
2025;5;IBB TOPLU ULASIM HIZMETLERI MUDURLUGU;Moda;2943;4278
2025;5;IBB TOPLU ULASIM HIZMETLERI MUDURLUGU;KADIKOY YENI;184604;323540
2025;5;IDO-ISTANBUL DENIZ OTD. SAN. VE TIC. A.S.;Topçular;5277;11201
2025;5;IBB TOPLU ULASIM HIZMETLERI MUDURLUGU;EMINONU BOGAZ;77023;136699
2025;5;DENTUR - AVRASYA DENIZ TAS.TUR.HIZ.INS.SAN.TIC. AS.;YENİ KABATAŞ;55898;125633
2025;5;DENTUR - AVRASYA DENIZ TAS.TUR.HIZ.INS.SAN.TIC. AS.;Kabataş Ahşap İskele;1488;1877
2025;5;IBB TOPLU ULASIM HIZMETLERI MUDURLUGU;Hasköy;9620;17148
2025;5;IBB TOPLU ULASIM HIZMETLERI MUDURLUGU;Kuzguncuk;1003;2183
2025;5;DENTUR - AVRASYA DENIZ TAS.TUR.HIZ.INS.SAN.TIC. AS.;Üsküdar;332839;765234
2025;5;IBB TOPLU ULASIM HIZMETLERI MUDURLUGU;Beylerbeyi;2904;6302
2025;5;SINIRLI SORUMLU MAVI MARMARA TURIZM DENIZ YOLCU VE YUK TASIMA VE ISLETME KOOPERATIFI;Heybeliada;15110;29190
2025;5;IBB TOPLU ULASIM HIZMETLERI MUDURLUGU;Aşiyan;30101;61739
2025;5;TURYOL - S.S. TURIZM VE YOLCU DENIZ TASIYICILAR KOOPERATIFI;Üsküdar;38990;77311
2025;5;IBB TOPLU ULASIM HIZMETLERI MUDURLUGU;Kasımpaşa;18804;36912
2025;5;IBB TOPLU ULASIM HIZMETLERI MUDURLUGU;Kadıköy Yeni;2;2
2025;5;IBB TOPLU ULASIM HIZMETLERI MUDURLUGU;KINALIADA;16417;29298
2025;5;IBB TOPLU ULASIM HIZMETLERI MUDURLUGU;Paşabahçe;1613;3941
2025;5;IBB TOPLU ULASIM HIZMETLERI MUDURLUGU;KADIKOY ESKI;160882;241010
2025;5;IBB TOPLU ULASIM HIZMETLERI MUDURLUGU;Karaköy;13864;20327
2025;5;IBB TOPLU ULASIM HIZMETLERI MUDURLUGU;Poyraz;2697;3467
2025;5;BEYDEN DENIZ ULASIM HIZMETLERI TURIZM VE TIC. LTD. STI.;BEYDEN - Yeniköy;9591;26083
2025;5;IBB TOPLU ULASIM HIZMETLERI MUDURLUGU;YENİ KABATAŞ;96795;172177
2025;5;IBB TOPLU ULASIM HIZMETLERI MUDURLUGU;Ayvansaray;1730;2459
2025;5;TURYOL - S.S. TURIZM VE YOLCU DENIZ TASIYICILAR KOOPERATIFI;Karaköy;62694;136086
2025;5;TURYOL - S.S. TURIZM VE YOLCU DENIZ TASIYICILAR KOOPERATIFI;Kadıköy Çayırbaşı;175771;278949
2025;5;SINIRLI SORUMLU MAVI MARMARA TURIZM DENIZ YOLCU VE YUK TASIMA VE ISLETME KOOPERATIFI;Burgazada;12152;19967
2025;5;IBB TOPLU ULASIM HIZMETLERI MUDURLUGU;Sütlüce;5684;9519
2025;5;IDO-ISTANBUL DENIZ OTD. SAN. VE TIC. A.S.;Sirkeci-Harem;14361;25307
2025;5;IBB TOPLU ULASIM HIZMETLERI MUDURLUGU;Anadolu Kavağı;10871;15806
2025;5;BEYDEN DENIZ ULASIM HIZMETLERI TURIZM VE TIC. LTD. STI.;BEYDEN - Beykoz;9608;24221
2025;5;IBB TOPLU ULASIM HIZMETLERI MUDURLUGU;Sarıyer;17852;32176
2025;5;IBB TOPLU ULASIM HIZMETLERI MUDURLUGU;Ortaköy;12474;18862
2025;5;ISTANBUL SEHIR HATLARI TUR. SAN. VE TIC. AS.;Çubuklu Arabalı;12586;28535
2025;5;IBB TOPLU ULASIM HIZMETLERI MUDURLUGU;Yenikapı;1;1
2025;5;S.S. ISTANBUL KARTAL DENIZ YOL YUK VE TURZ TAS MOTORLU TAS KOOP;;168;267
2025;5;SINIRLI SORUMLU MAVI MARMARA TURIZM DENIZ YOLCU VE YUK TASIMA VE ISLETME KOOPERATIFI;Büyükada;38511;67249
2025;5;IBB TOPLU ULASIM HIZMETLERI MUDURLUGU;Anadolu Hisarı;11687;21385
2025;5;IBB TOPLU ULASIM HIZMETLERI MUDURLUGU;HEYBELIADA;31181;56357
2025;5;IBB TOPLU ULASIM HIZMETLERI MUDURLUGU;Emirgan;12609;17320
2025;5;IBB TOPLU ULASIM HIZMETLERI MUDURLUGU;BOSTANCI;2985;6672
2025;5;IBB TOPLU ULASIM HIZMETLERI MUDURLUGU;Çubuklu;1218;1566
2025;5;SINIRLI SORUMLU MAVI MARMARA TURIZM DENIZ YOLCU VE YUK TASIMA VE ISLETME KOOPERATIFI;Kınalıada;10910;23028
2025;5;IBB TOPLU ULASIM HIZMETLERI MUDURLUGU;Beşiktaş;29886;42620
2025;5;IBB TOPLU ULASIM HIZMETLERI MUDURLUGU;Kadıköy (Eski);34473;49509
2025;5;IBB TOPLU ULASIM HIZMETLERI MUDURLUGU;Bostancı;30921;49609
2025;5;IBB TOPLU ULASIM HIZMETLERI MUDURLUGU;Eminönü - Üsküdar;172187;261679
2025;5;IBB TOPLU ULASIM HIZMETLERI MUDURLUGU;Beykoz;9537;17426
2025;5;IBB TOPLU ULASIM HIZMETLERI MUDURLUGU;Fener;11372;17947
2025;5;IBB TOPLU ULASIM HIZMETLERI MUDURLUGU;Küçüksu;11717;31527
2025;5;IBB TOPLU ULASIM HIZMETLERI MUDURLUGU;Balat;3981;6228
2025;5;TURYOL - S.S. TURIZM VE YOLCU DENIZ TASIYICILAR KOOPERATIFI;Eminönü;139501;217018
2025;5;IBB TOPLU ULASIM HIZMETLERI MUDURLUGU;Kandilli;746;1745
2025;5;IBB TOPLU ULASIM HIZMETLERI MUDURLUGU;Büyükdere;2671;3940
2025;5;IDO-ISTANBUL DENIZ OTD. SAN. VE TIC. A.S.;Eskihisar;5620;11529
2025;5;S.S. ISTANBUL KARTAL DENIZ YOL YUK VE TURZ TAS MOTORLU TAS KOOP;Büyükada;30250;64796
2025;5;IBB TOPLU ULASIM HIZMETLERI MUDURLUGU;Rumeli Kavağı;4352;6314
2025;5;IBB TOPLU ULASIM HIZMETLERI MUDURLUGU;Arnavutköy;6466;11377
2025;5;IBB TOPLU ULASIM HIZMETLERI MUDURLUGU;USKUDAR;90644;144161
2025;5;IDO-ISTANBUL DENIZ OTD. SAN. VE TIC. A.S.;Harem;14061;24479
2025;5;SINIRLI SORUMLU MAVI MARMARA TURIZM DENIZ YOLCU VE YUK TASIMA VE ISLETME KOOPERATIFI;Bostancı;75330;138501
2025;5;ISTANBUL SEHIR HATLARI TUR. SAN. VE TIC. AS.;İstinye Cubuklu;13645;31584
2025;5;IBB TOPLU ULASIM HIZMETLERI MUDURLUGU;Eyüp;24844;34610
2025;5;IBB TOPLU ULASIM HIZMETLERI MUDURLUGU;KARAKOY;145456;230868
2025;5;IBB TOPLU ULASIM HIZMETLERI MUDURLUGU;Bebek;9851;15572
2025;5;IBB TOPLU ULASIM HIZMETLERI MUDURLUGU;Üsküdar;224430;354356
2025;5;S.S. ISTANBUL KARTAL DENIZ YOL YUK VE TURZ TAS MOTORLU TAS KOOP;Heybelıada;9824;20284
2025;5;IBB TOPLU ULASIM HIZMETLERI MUDURLUGU;BUYUKADA;100420;162319
2025;6;IBB TOPLU ULASIM HIZMETLERI MUDURLUGU;İstinye;6864;11466
2025;6;IBB TOPLU ULASIM HIZMETLERI MUDURLUGU;Sütlüce;5706;8999
2025;6;BEYDEN DENIZ ULASIM HIZMETLERI TURIZM VE TIC. LTD. STI.;BEYDEN - Beykoz;11113;24203
2025;6;IDO-ISTANBUL DENIZ OTD. SAN. VE TIC. A.S.;Topçular;6730;12778
2025;6;IBB TOPLU ULASIM HIZMETLERI MUDURLUGU;Anadolu Hisarı;10455;17053
2025;6;IBB TOPLU ULASIM HIZMETLERI MUDURLUGU;HEYBELIADA;53896;85806
2025;6;IBB TOPLU ULASIM HIZMETLERI MUDURLUGU;USKUDAR;103460;156008
2025;6;IBB TOPLU ULASIM HIZMETLERI MUDURLUGU;Sarıyer;24554;40642
2025;6;IBB TOPLU ULASIM HIZMETLERI MUDURLUGU;BESIKTAS;19169;31566
2025;6;IBB TOPLU ULASIM HIZMETLERI MUDURLUGU;KADIKOY ESKI;169356;247444
2025;6;IBB TOPLU ULASIM HIZMETLERI MUDURLUGU;Arnavutköy;6393;10823
2025;6;IBB TOPLU ULASIM HIZMETLERI MUDURLUGU;Çengelköy;14417;36070
2025;6;IBB TOPLU ULASIM HIZMETLERI MUDURLUGU;EMINONU KADIKOY;159909;246449
2025;6;IBB TOPLU ULASIM HIZMETLERI MUDURLUGU;;31156;46621
2025;6;TURYOL - S.S. TURIZM VE YOLCU DENIZ TASIYICILAR KOOPERATIFI;Üsküdar;45484;84651
2025;6;IBB TOPLU ULASIM HIZMETLERI MUDURLUGU;Küçüksu;9518;18366
2025;6;IBB TOPLU ULASIM HIZMETLERI MUDURLUGU;Kasımpaşa;20399;38034
2025;6;IDO-ISTANBUL DENIZ OTD. SAN. VE TIC. A.S.;Harem;14647;25493
2025;6;S.S. ISTANBUL KARTAL DENIZ YOL YUK VE TURZ TAS MOTORLU TAS KOOP;Büyükada;52783;99669
2025;6;DENTUR - AVRASYA DENIZ TAS.TUR.HIZ.INS.SAN.TIC. AS.;Üsküdar;340164;691461
2025;6;ISTANBUL SEHIR HATLARI TUR. SAN. VE TIC. AS.;Anadolu Hisarı;2978;4288
2025;6;IBB TOPLU ULASIM HIZMETLERI MUDURLUGU;Ayvansaray;2142;3136
2025;6;IDO-ISTANBUL DENIZ OTD. SAN. VE TIC. A.S.;Bostancı;1;1
2025;6;IBB TOPLU ULASIM HIZMETLERI MUDURLUGU;BARBAROS;113162;166495
2025;6;IBB TOPLU ULASIM HIZMETLERI MUDURLUGU;Kanlıca;5421;7696
2025;6;IBB TOPLU ULASIM HIZMETLERI MUDURLUGU;Hasköy;10313;18095
2025;6;IBB TOPLU ULASIM HIZMETLERI MUDURLUGU;Karaköy;14288;20665
2025;6;IBB TOPLU ULASIM HIZMETLERI MUDURLUGU;Kadıköy Yeni;3;3
2025;6;ISTANBUL SEHIR HATLARI TUR. SAN. VE TIC. AS.;Küçüksu;3196;5168
2025;6;TURYOL - S.S. TURIZM VE YOLCU DENIZ TASIYICILAR KOOPERATIFI;Kadıköy Balon;39243;58118
2025;6;IDO-ISTANBUL DENIZ OTD. SAN. VE TIC. A.S.;Sirkeci-Harem;14773;25583
2025;6;IBB TOPLU ULASIM HIZMETLERI MUDURLUGU;Kadıköy (Eski);55627;78910
2025;6;IBB TOPLU ULASIM HIZMETLERI MUDURLUGU;Poyraz;142;163
2025;6;IBB TOPLU ULASIM HIZMETLERI MUDURLUGU;ORTAKOY;36250;57254
2025;6;TURYOL - S.S. TURIZM VE YOLCU DENIZ TASIYICILAR KOOPERATIFI;Karaköy;65580;133327
2025;6;S.S. ISTANBUL KARTAL DENIZ YOL YUK VE TURZ TAS MOTORLU TAS KOOP;Heybelıada;19989;35069
2025;6;IBB TOPLU ULASIM HIZMETLERI MUDURLUGU;Beykoz;11599;19076
2025;6;S.S. ISTANBUL KARTAL DENIZ YOL YUK VE TURZ TAS MOTORLU TAS KOOP;Kartal;66271;124156
2025;6;ISTANBUL SEHIR HATLARI TUR. SAN. VE TIC. AS.;Çubuklu Arabalı;12589;25629
2025;6;IBB TOPLU ULASIM HIZMETLERI MUDURLUGU;YENİ KABATAŞ;143722;240709
2025;6;IBB TOPLU ULASIM HIZMETLERI MUDURLUGU;Eminönü - Üsküdar;185891;284913
2025;6;IBB TOPLU ULASIM HIZMETLERI MUDURLUGU;Büyükdere;3098;4543
2025;6;IBB TOPLU ULASIM HIZMETLERI MUDURLUGU;Rumeli Kavağı;7640;10522
2025;6;IBB TOPLU ULASIM HIZMETLERI MUDURLUGU;BOSTANCI;3428;6804
2025;6;IBB TOPLU ULASIM HIZMETLERI MUDURLUGU;BUYUKADA;152838;234473
2025;6;IBB TOPLU ULASIM HIZMETLERI MUDURLUGU;Beşiktaş;39519;57522
2025;6;IBB TOPLU ULASIM HIZMETLERI MUDURLUGU;Aşiyan;30656;55705
2025;6;IBB TOPLU ULASIM HIZMETLERI MUDURLUGU;KINALIADA;42487;75408
2025;6;IBB TOPLU ULASIM HIZMETLERI MUDURLUGU;Emirgan;11317;16397
2025;6;S.S. ISTANBUL KARTAL DENIZ YOL YUK VE TURZ TAS MOTORLU TAS KOOP;;3409;5807
2025;6;IBB TOPLU ULASIM HIZMETLERI MUDURLUGU;Çubuklu;1283;1643
2025;6;IBB TOPLU ULASIM HIZMETLERI MUDURLUGU;Ortaköy;14971;22212
2025;6;IBB TOPLU ULASIM HIZMETLERI MUDURLUGU;Anadolu Kavağı;16067;22789
2025;6;TURYOL - S.S. TURIZM VE YOLCU DENIZ TASIYICILAR KOOPERATIFI;Eminönü;162246;250066
2025;6;TURYOL - S.S. TURIZM VE YOLCU DENIZ TASIYICILAR KOOPERATIFI;Kadıköy Çayırbaşı;187552;293801
2025;6;IBB TOPLU ULASIM HIZMETLERI MUDURLUGU;KARAKOY;148142;232263
2025;6;IBB TOPLU ULASIM HIZMETLERI MUDURLUGU;Moda;3221;4585
2025;6;IBB TOPLU ULASIM HIZMETLERI MUDURLUGU;Fener;11793;18047
2025;6;IBB TOPLU ULASIM HIZMETLERI MUDURLUGU;Beylerbeyi;3178;6107
2025;6;SINIRLI SORUMLU MAVI MARMARA TURIZM DENIZ YOLCU VE YUK TASIMA VE ISLETME KOOPERATIFI;Kınalıada;24568;49240
2025;6;SINIRLI SORUMLU MAVI MARMARA TURIZM DENIZ YOLCU VE YUK TASIMA VE ISLETME KOOPERATIFI;Burgazada;18433;30260
2025;6;IBB TOPLU ULASIM HIZMETLERI MUDURLUGU;Kandilli;728;1605
2025;6;IBB TOPLU ULASIM HIZMETLERI MUDURLUGU;Bebek;11430;17953
2025;6;SINIRLI SORUMLU MAVI MARMARA TURIZM DENIZ YOLCU VE YUK TASIMA VE ISLETME KOOPERATIFI;Büyükada;60743;101116
2025;6;IBB TOPLU ULASIM HIZMETLERI MUDURLUGU;Balat;4725;7130
2025;6;SINIRLI SORUMLU MAVI MARMARA TURIZM DENIZ YOLCU VE YUK TASIMA VE ISLETME KOOPERATIFI;Heybeliada;26468;45801
2025;6;ISTANBUL SEHIR HATLARI TUR. SAN. VE TIC. AS.;İstinye Cubuklu;13837;28876
2025;6;IBB TOPLU ULASIM HIZMETLERI MUDURLUGU;Üsküdar;258566;405360
2025;6;IBB TOPLU ULASIM HIZMETLERI MUDURLUGU;Yenikapı;7;8
2025;6;IBB TOPLU ULASIM HIZMETLERI MUDURLUGU;Paşabahçe;1676;3574
2025;6;IBB TOPLU ULASIM HIZMETLERI MUDURLUGU;KADIKOY YENI;200010;333975
2025;6;IDO-ISTANBUL DENIZ OTD. SAN. VE TIC. A.S.;Eskihisar;7104;13178
2025;6;IBB TOPLU ULASIM HIZMETLERI MUDURLUGU;EMINONU BOGAZ;90768;156663
2025;6;DENTUR - AVRASYA DENIZ TAS.TUR.HIZ.INS.SAN.TIC. AS.;YENİ KABATAŞ;50509;107651
2025;6;IBB TOPLU ULASIM HIZMETLERI MUDURLUGU;Kuzguncuk;1099;2145
2025;6;BEYDEN DENIZ ULASIM HIZMETLERI TURIZM VE TIC. LTD. STI.;BEYDEN - Yeniköy;10803;25181
2025;6;IBB TOPLU ULASIM HIZMETLERI MUDURLUGU;Eyüp;31448;44160
2025;6;DENTUR - AVRASYA DENIZ TAS.TUR.HIZ.INS.SAN.TIC. AS.;Beşiktaş;378993;711645
2025;6;SINIRLI SORUMLU MAVI MARMARA TURIZM DENIZ YOLCU VE YUK TASIMA VE ISLETME KOOPERATIFI;Bostancı;125589;225048
2025;6;IBB TOPLU ULASIM HIZMETLERI MUDURLUGU;Bostancı;47468;69481
2025;6;IBB TOPLU ULASIM HIZMETLERI MUDURLUGU;BURGAZADA;38843;62343
2025;7;IBB TOPLU ULASIM HIZMETLERI MUDURLUGU;Paşabahçe;1444;3624
2025;7;IBB TOPLU ULASIM HIZMETLERI MUDURLUGU;Karaköy;11817;17874
2025;7;IDO-ISTANBUL DENIZ OTD. SAN. VE TIC. A.S.;Eskihisar;6406;12542
2025;7;IBB TOPLU ULASIM HIZMETLERI MUDURLUGU;Fener;8802;14109
2025;7;IBB TOPLU ULASIM HIZMETLERI MUDURLUGU;Kadıköy (Eski);54282;81324
2025;7;IBB TOPLU ULASIM HIZMETLERI MUDURLUGU;Yenikapı;3;3
2025;7;S.S. ISTANBUL KARTAL DENIZ YOL YUK VE TURZ TAS MOTORLU TAS KOOP;Büyükada;48885;94828
2025;7;DENTUR - AVRASYA DENIZ TAS.TUR.HIZ.INS.SAN.TIC. AS.;Kabataş Ahşap İskele;909;1009
2025;7;TURYOL - S.S. TURIZM VE YOLCU DENIZ TASIYICILAR KOOPERATIFI;Karaköy;55485;125350
2025;7;IBB TOPLU ULASIM HIZMETLERI MUDURLUGU;Bostancı;35805;55622
2025;7;IBB TOPLU ULASIM HIZMETLERI MUDURLUGU;Beşiktaş;36978;58765
2025;7;IBB TOPLU ULASIM HIZMETLERI MUDURLUGU;ORTAKOY;31666;52800
2025;7;IBB TOPLU ULASIM HIZMETLERI MUDURLUGU;Çengelköy;12203;33852
2025;7;IBB TOPLU ULASIM HIZMETLERI MUDURLUGU;KADIKOY ESKI;151414;228460
2025;7;IBB TOPLU ULASIM HIZMETLERI MUDURLUGU;Balat;3382;5336
2025;7;IBB TOPLU ULASIM HIZMETLERI MUDURLUGU;Ayvansaray;1466;2199
2025;7;SINIRLI SORUMLU MAVI MARMARA TURIZM DENIZ YOLCU VE YUK TASIMA VE ISLETME KOOPERATIFI;Bostancı;134651;270462
2025;7;IBB TOPLU ULASIM HIZMETLERI MUDURLUGU;;27798;42989
2025;7;DENTUR - AVRASYA DENIZ TAS.TUR.HIZ.INS.SAN.TIC. AS.;Üsküdar;304475;650022
2025;7;IBB TOPLU ULASIM HIZMETLERI MUDURLUGU;Kuzguncuk;949;2040
2025;7;IBB TOPLU ULASIM HIZMETLERI MUDURLUGU;Eyüp;24598;35451
2025;7;ISTANBUL SEHIR HATLARI TUR. SAN. VE TIC. AS.;Anadolu Hisarı;428;455
2025;7;IBB TOPLU ULASIM HIZMETLERI MUDURLUGU;BOSTANCI;3056;6631
2025;7;SINIRLI SORUMLU MAVI MARMARA TURIZM DENIZ YOLCU VE YUK TASIMA VE ISLETME KOOPERATIFI;;1;1
2025;7;IBB TOPLU ULASIM HIZMETLERI MUDURLUGU;Çubuklu;837;1183
2025;7;IDO-ISTANBUL DENIZ OTD. SAN. VE TIC. A.S.;Harem;12773;24296
2025;7;IBB TOPLU ULASIM HIZMETLERI MUDURLUGU;USKUDAR;89672;139448
2025;7;IBB TOPLU ULASIM HIZMETLERI MUDURLUGU;YENİ KABATAŞ;137684;244696
2025;7;IBB TOPLU ULASIM HIZMETLERI MUDURLUGU;EMINONU KADIKOY;140483;226360
2025;7;DENTUR - AVRASYA DENIZ TAS.TUR.HIZ.INS.SAN.TIC. AS.;Beşiktaş;328863;645975
2025;7;IBB TOPLU ULASIM HIZMETLERI MUDURLUGU;Hasköy;7886;14644
2025;7;IBB TOPLU ULASIM HIZMETLERI MUDURLUGU;Kadıköy Yeni;1;1
2025;7;IBB TOPLU ULASIM HIZMETLERI MUDURLUGU;BUYUKADA;131006;214054
2025;7;SINIRLI SORUMLU MAVI MARMARA TURIZM DENIZ YOLCU VE YUK TASIMA VE ISLETME KOOPERATIFI;Kınalıada;31163;73238
2025;7;IBB TOPLU ULASIM HIZMETLERI MUDURLUGU;Bebek;8415;14138
2025;7;S.S. ISTANBUL KARTAL DENIZ YOL YUK VE TURZ TAS MOTORLU TAS KOOP;;1243;1909
2025;7;IBB TOPLU ULASIM HIZMETLERI MUDURLUGU;KARAKOY;131322;213883
2025;7;IDO-ISTANBUL DENIZ OTD. SAN. VE TIC. A.S.;Topçular;6175;12322
2025;7;TURYOL - S.S. TURIZM VE YOLCU DENIZ TASIYICILAR KOOPERATIFI;Eminönü;141591;226227
2025;7;BEYDEN DENIZ ULASIM HIZMETLERI TURIZM VE TIC. LTD. STI.;BEYDEN - Yeniköy;9254;23898
2025;7;IBB TOPLU ULASIM HIZMETLERI MUDURLUGU;Moda;2751;4108
2025;7;IBB TOPLU ULASIM HIZMETLERI MUDURLUGU;Kanlıca;3822;5685
2025;7;IDO-ISTANBUL DENIZ OTD. SAN. VE TIC. A.S.;Kadıköy;2;2
2025;7;IBB TOPLU ULASIM HIZMETLERI MUDURLUGU;Sarıyer;21133;37122
2025;7;IBB TOPLU ULASIM HIZMETLERI MUDURLUGU;Büyükdere;2607;3898
2025;7;DENTUR - AVRASYA DENIZ TAS.TUR.HIZ.INS.SAN.TIC. AS.;YENİ KABATAŞ;51463;112172
2025;7;IBB TOPLU ULASIM HIZMETLERI MUDURLUGU;Rumeli Kavağı;7867;11296
2025;7;SINIRLI SORUMLU MAVI MARMARA TURIZM DENIZ YOLCU VE YUK TASIMA VE ISLETME KOOPERATIFI;Büyükada;60268;107185
2025;7;BEYDEN DENIZ ULASIM HIZMETLERI TURIZM VE TIC. LTD. STI.;BEYDEN - Beykoz;9316;22326
2025;7;IBB TOPLU ULASIM HIZMETLERI MUDURLUGU;BURGAZADA;33802;61821
2025;7;S.S. ISTANBUL KARTAL DENIZ YOL YUK VE TURZ TAS MOTORLU TAS KOOP;Heybelıada;23968;42442
2025;7;IBB TOPLU ULASIM HIZMETLERI MUDURLUGU;Üsküdar;237118;392180
2025;7;TURYOL - S.S. TURIZM VE YOLCU DENIZ TASIYICILAR KOOPERATIFI;Kadıköy Balon;34643;53225
2025;7;ISTANBUL SEHIR HATLARI TUR. SAN. VE TIC. AS.;Küçüksu;705;722
2025;7;IBB TOPLU ULASIM HIZMETLERI MUDURLUGU;KINALIADA;47393;98883
2025;7;IBB TOPLU ULASIM HIZMETLERI MUDURLUGU;BESIKTAS;17526;30922
2025;7;SINIRLI SORUMLU MAVI MARMARA TURIZM DENIZ YOLCU VE YUK TASIMA VE ISLETME KOOPERATIFI;Heybeliada;30089;54000
2025;7;IBB TOPLU ULASIM HIZMETLERI MUDURLUGU;KADIKOY YENI;176792;307554
2025;7;IBB TOPLU ULASIM HIZMETLERI MUDURLUGU;Eminönü - Üsküdar;172083;277299
2025;7;TURYOL - S.S. TURIZM VE YOLCU DENIZ TASIYICILAR KOOPERATIFI;Kadıköy Çayırbaşı;162876;267265
2025;7;IBB TOPLU ULASIM HIZMETLERI MUDURLUGU;Kandilli;600;1591
2025;7;IBB TOPLU ULASIM HIZMETLERI MUDURLUGU;HEYBELIADA;54217;90457
2025;7;S.S. ISTANBUL KARTAL DENIZ YOL YUK VE TURZ TAS MOTORLU TAS KOOP;Kartal;68563;130085
2025;7;IBB TOPLU ULASIM HIZMETLERI MUDURLUGU;Arnavutköy;4925;9166
2025;7;IBB TOPLU ULASIM HIZMETLERI MUDURLUGU;İstinye;4342;6999
2025;7;IBB TOPLU ULASIM HIZMETLERI MUDURLUGU;Anadolu Kavağı;16409;24039
2025;7;IBB TOPLU ULASIM HIZMETLERI MUDURLUGU;EMINONU BOGAZ;81954;151867
2025;7;IBB TOPLU ULASIM HIZMETLERI MUDURLUGU;Anadolu Hisarı;9120;17282
2025;7;ISTANBUL SEHIR HATLARI TUR. SAN. VE TIC. AS.;İstinye Cubuklu;10231;23778
2025;7;IBB TOPLU ULASIM HIZMETLERI MUDURLUGU;Kasımpaşa;15073;30112
2025;7;IBB TOPLU ULASIM HIZMETLERI MUDURLUGU;Aşiyan;24592;52219
2025;7;IBB TOPLU ULASIM HIZMETLERI MUDURLUGU;Sütlüce;5202;8052
2025;7;IBB TOPLU ULASIM HIZMETLERI MUDURLUGU;Küçüksu;8659;21725
2025;7;SINIRLI SORUMLU MAVI MARMARA TURIZM DENIZ YOLCU VE YUK TASIMA VE ISLETME KOOPERATIFI;Burgazada;21402;38530
2025;7;IBB TOPLU ULASIM HIZMETLERI MUDURLUGU;BARBAROS;104554;159491
2025;7;IBB TOPLU ULASIM HIZMETLERI MUDURLUGU;Emirgan;8685;13195
2025;7;IBB TOPLU ULASIM HIZMETLERI MUDURLUGU;Beykoz;9780;17014
2025;7;ISTANBUL SEHIR HATLARI TUR. SAN. VE TIC. AS.;Çubuklu Arabalı;9373;21306
2025;7;IDO-ISTANBUL DENIZ OTD. SAN. VE TIC. A.S.;Sirkeci-Harem;13693;25507
2025;7;TURYOL - S.S. TURIZM VE YOLCU DENIZ TASIYICILAR KOOPERATIFI;Üsküdar;38071;78202
2025;7;IBB TOPLU ULASIM HIZMETLERI MUDURLUGU;Poyraz;491;749
2025;7;IBB TOPLU ULASIM HIZMETLERI MUDURLUGU;Beylerbeyi;2635;5546
2025;7;IBB TOPLU ULASIM HIZMETLERI MUDURLUGU;Ortaköy;13498;20967
2025;8;IDO-ISTANBUL DENIZ OTD. SAN. VE TIC. A.S.;Sirkeci-Harem;15279;29009
2025;8;IBB TOPLU ULASIM HIZMETLERI MUDURLUGU;EMINONU KADIKOY;155145;252404
2025;8;IBB TOPLU ULASIM HIZMETLERI MUDURLUGU;Bostancı;30461;48844
2025;8;IBB TOPLU ULASIM HIZMETLERI MUDURLUGU;Ortaköy;17684;27982
2025;8;IBB TOPLU ULASIM HIZMETLERI MUDURLUGU;KINALIADA;39727;88328
2025;8;IBB TOPLU ULASIM HIZMETLERI MUDURLUGU;Çubuklu;924;1299
2025;8;BEYDEN DENIZ ULASIM HIZMETLERI TURIZM VE TIC. LTD. STI.;BEYDEN - Beykoz;9893;23369
2025;8;IDO-ISTANBUL DENIZ OTD. SAN. VE TIC. A.S.;Topçular;6471;12608
2025;8;DENTUR - AVRASYA DENIZ TAS.TUR.HIZ.INS.SAN.TIC. AS.;Beşiktaş;332083;640637
2025;8;IBB TOPLU ULASIM HIZMETLERI MUDURLUGU;BUYUKADA;125764;213052
2025;8;IBB TOPLU ULASIM HIZMETLERI MUDURLUGU;Poyraz;318;551
2025;8;IBB TOPLU ULASIM HIZMETLERI MUDURLUGU;Fener;8510;13237
2025;8;IBB TOPLU ULASIM HIZMETLERI MUDURLUGU;Büyükdere;2544;3904
2025;8;IBB TOPLU ULASIM HIZMETLERI MUDURLUGU;KARAKOY;139257;225058
2025;8;SINIRLI SORUMLU MAVI MARMARA TURIZM DENIZ YOLCU VE YUK TASIMA VE ISLETME KOOPERATIFI;Bostancı;126892;260875
2025;8;SINIRLI SORUMLU MAVI MARMARA TURIZM DENIZ YOLCU VE YUK TASIMA VE ISLETME KOOPERATIFI;Heybeliada;27548;51349
2025;8;DENTUR - AVRASYA DENIZ TAS.TUR.HIZ.INS.SAN.TIC. AS.;Üsküdar;314354;659010
2025;8;IBB TOPLU ULASIM HIZMETLERI MUDURLUGU;Hasköy;7097;12228
2025;8;TURYOL - S.S. TURIZM VE YOLCU DENIZ TASIYICILAR KOOPERATIFI;Üsküdar;43334;84448
2025;8;TURYOL - S.S. TURIZM VE YOLCU DENIZ TASIYICILAR KOOPERATIFI;Karaköy;60526;129579
2025;8;TURYOL - S.S. TURIZM VE YOLCU DENIZ TASIYICILAR KOOPERATIFI;Kadıköy Çayırbaşı;174284;285805
2025;8;ISTANBUL SEHIR HATLARI TUR. SAN. VE TIC. AS.;Çubuklu Arabalı;6576;17175
2025;8;DENTUR - AVRASYA DENIZ TAS.TUR.HIZ.INS.SAN.TIC. AS.;YENİ KABATAŞ;51496;107728
2025;8;BEYDEN DENIZ ULASIM HIZMETLERI TURIZM VE TIC. LTD. STI.;BEYDEN - Yeniköy;9767;24802
2025;8;IBB TOPLU ULASIM HIZMETLERI MUDURLUGU;Balat;3291;4830
2025;8;IBB TOPLU ULASIM HIZMETLERI MUDURLUGU;Yenikapı;4;5
2025;8;IBB TOPLU ULASIM HIZMETLERI MUDURLUGU;ORTAKOY;36800;61211
2025;8;IBB TOPLU ULASIM HIZMETLERI MUDURLUGU;Sütlüce;4495;7368
2025;8;ISTANBUL SEHIR HATLARI TUR. SAN. VE TIC. AS.;İstinye Cubuklu;7116;18710
2025;8;IBB TOPLU ULASIM HIZMETLERI MUDURLUGU;BARBAROS;108563;164859
2025;8;IBB TOPLU ULASIM HIZMETLERI MUDURLUGU;Eyüp;23563;33499
2025;8;IBB TOPLU ULASIM HIZMETLERI MUDURLUGU;İstinye;5640;9577
2025;8;IBB TOPLU ULASIM HIZMETLERI MUDURLUGU;Aşiyan;24558;47019
2025;8;IBB TOPLU ULASIM HIZMETLERI MUDURLUGU;Sarıyer;21282;37710
2025;8;IBB TOPLU ULASIM HIZMETLERI MUDURLUGU;YENİ KABATAŞ;96602;174794
2025;8;IBB TOPLU ULASIM HIZMETLERI MUDURLUGU;Arnavutköy;5347;9648
2025;8;IBB TOPLU ULASIM HIZMETLERI MUDURLUGU;Kasımpaşa;13372;25780
2025;8;IBB TOPLU ULASIM HIZMETLERI MUDURLUGU;KADIKOY YENI;185131;322142
2025;8;IBB TOPLU ULASIM HIZMETLERI MUDURLUGU;BURGAZADA;29654;56581
2025;8;IBB TOPLU ULASIM HIZMETLERI MUDURLUGU;Kandilli;649;1553
2025;8;IBB TOPLU ULASIM HIZMETLERI MUDURLUGU;Eminönü - Üsküdar;195722;317498
2025;8;S.S. ISTANBUL KARTAL DENIZ YOL YUK VE TURZ TAS MOTORLU TAS KOOP;;86;166
2025;8;SINIRLI SORUMLU MAVI MARMARA TURIZM DENIZ YOLCU VE YUK TASIMA VE ISLETME KOOPERATIFI;Kınalıada;29265;70881
2025;8;SINIRLI SORUMLU MAVI MARMARA TURIZM DENIZ YOLCU VE YUK TASIMA VE ISLETME KOOPERATIFI;Büyükada;56365;103588
2025;8;S.S. ISTANBUL KARTAL DENIZ YOL YUK VE TURZ TAS MOTORLU TAS KOOP;Büyükada;45303;90166
2025;8;IBB TOPLU ULASIM HIZMETLERI MUDURLUGU;Kadıköy Yeni;2;2
2025;8;S.S. ISTANBUL KARTAL DENIZ YOL YUK VE TURZ TAS MOTORLU TAS KOOP;Heybelıada;19937;35987
2025;8;IBB TOPLU ULASIM HIZMETLERI MUDURLUGU;USKUDAR;90918;139194
2025;8;IBB TOPLU ULASIM HIZMETLERI MUDURLUGU;Kuzguncuk;1079;2100
2025;8;IBB TOPLU ULASIM HIZMETLERI MUDURLUGU;Beşiktaş;39245;63959
2025;8;IBB TOPLU ULASIM HIZMETLERI MUDURLUGU;Kanlıca;4727;6867
2025;8;IBB TOPLU ULASIM HIZMETLERI MUDURLUGU;Emirgan;8672;12955
2025;8;IBB TOPLU ULASIM HIZMETLERI MUDURLUGU;Moda;2904;4311
2025;8;IBB TOPLU ULASIM HIZMETLERI MUDURLUGU;Küçüksu;8011;18206
2025;8;IBB TOPLU ULASIM HIZMETLERI MUDURLUGU;Beylerbeyi;2969;5714
2025;8;IBB TOPLU ULASIM HIZMETLERI MUDURLUGU;Ayvansaray;1483;2182
2025;8;TURYOL - S.S. TURIZM VE YOLCU DENIZ TASIYICILAR KOOPERATIFI;Eminönü;159411;254986
2025;8;IBB TOPLU ULASIM HIZMETLERI MUDURLUGU;BESIKTAS;18132;31493
2025;8;IBB TOPLU ULASIM HIZMETLERI MUDURLUGU;Rumeli Kavağı;8030;11508
2025;8;IDO-ISTANBUL DENIZ OTD. SAN. VE TIC. A.S.;Eskihisar;6646;12552
2025;8;IBB TOPLU ULASIM HIZMETLERI MUDURLUGU;Üsküdar;273888;452114
2025;8;IBB TOPLU ULASIM HIZMETLERI MUDURLUGU;Bebek;9676;15757
2025;8;DENTUR - AVRASYA DENIZ TAS.TUR.HIZ.INS.SAN.TIC. AS.;Kabataş Ahşap İskele;1880;2672
2025;8;IBB TOPLU ULASIM HIZMETLERI MUDURLUGU;Kadıköy (Eski);46414;70115
2025;8;IBB TOPLU ULASIM HIZMETLERI MUDURLUGU;Çengelköy;12634;32968
2025;8;IBB TOPLU ULASIM HIZMETLERI MUDURLUGU;KADIKOY ESKI;159772;241107
2025;8;IBB TOPLU ULASIM HIZMETLERI MUDURLUGU;Anadolu Hisarı;10515;18592
2025;8;S.S. ISTANBUL KARTAL DENIZ YOL YUK VE TURZ TAS MOTORLU TAS KOOP;Kartal;60944;117721
2025;8;IBB TOPLU ULASIM HIZMETLERI MUDURLUGU;;24364;38758
2025;8;IDO-ISTANBUL DENIZ OTD. SAN. VE TIC. A.S.;Harem;15160;29681
2025;8;IBB TOPLU ULASIM HIZMETLERI MUDURLUGU;Anadolu Kavağı;16179;23625
2025;8;IBB TOPLU ULASIM HIZMETLERI MUDURLUGU;Paşabahçe;1549;3387
2025;8;IBB TOPLU ULASIM HIZMETLERI MUDURLUGU;EMINONU BOGAZ;90192;166384
2025;8;IBB TOPLU ULASIM HIZMETLERI MUDURLUGU;Beykoz;10405;17607
2025;8;IBB TOPLU ULASIM HIZMETLERI MUDURLUGU;HEYBELIADA;44817;77376
2025;8;IBB TOPLU ULASIM HIZMETLERI MUDURLUGU;Karaköy;16232;23649
2025;8;IBB TOPLU ULASIM HIZMETLERI MUDURLUGU;BOSTANCI;3031;6381
2025;8;SINIRLI SORUMLU MAVI MARMARA TURIZM DENIZ YOLCU VE YUK TASIMA VE ISLETME KOOPERATIFI;Burgazada;20741;37725
2025;8;TURYOL - S.S. TURIZM VE YOLCU DENIZ TASIYICILAR KOOPERATIFI;Kadıköy Balon;36630;55710
2025;9;IBB TOPLU ULASIM HIZMETLERI MUDURLUGU;Beşiktaş;29603;44629
2025;9;IBB TOPLU ULASIM HIZMETLERI MUDURLUGU;HEYBELIADA;26601;51276
2025;9;IBB TOPLU ULASIM HIZMETLERI MUDURLUGU;Aşiyan;23454;47300
2025;9;SINIRLI SORUMLU MAVI MARMARA TURIZM DENIZ YOLCU VE YUK TASIMA VE ISLETME KOOPERATIFI;;1;1
2025;9;IBB TOPLU ULASIM HIZMETLERI MUDURLUGU;Fener;9016;14137
2025;9;IBB TOPLU ULASIM HIZMETLERI MUDURLUGU;YENİ KABATAŞ;53368;99371
2025;9;IBB TOPLU ULASIM HIZMETLERI MUDURLUGU;Kadıköy Yeni;1;1
2025;9;IBB TOPLU ULASIM HIZMETLERI MUDURLUGU;Hasköy;6771;12531
2025;9;IBB TOPLU ULASIM HIZMETLERI MUDURLUGU;Anadolu Kavağı;10913;16153
2025;9;IBB TOPLU ULASIM HIZMETLERI MUDURLUGU;Sarıyer;16725;30739
2025;9;IBB TOPLU ULASIM HIZMETLERI MUDURLUGU;Bostancı;21080;35681
2025;9;S.S. ISTANBUL KARTAL DENIZ YOL YUK VE TURZ TAS MOTORLU TAS KOOP;Heybelıada;9824;21054
2025;9;S.S. ISTANBUL KARTAL DENIZ YOL YUK VE TURZ TAS MOTORLU TAS KOOP;Kartal;33479;73627
2025;9;IBB TOPLU ULASIM HIZMETLERI MUDURLUGU;USKUDAR;78810;126434
2025;9;IBB TOPLU ULASIM HIZMETLERI MUDURLUGU;Bebek;8882;14166
2025;9;IBB TOPLU ULASIM HIZMETLERI MUDURLUGU;Poyraz;3466;5078
2025;9;TURYOL - S.S. TURIZM VE YOLCU DENIZ TASIYICILAR KOOPERATIFI;Üsküdar;37485;75558
2025;9;IBB TOPLU ULASIM HIZMETLERI MUDURLUGU;İstinye Cubuklu;6726;19378
2025;9;IBB TOPLU ULASIM HIZMETLERI MUDURLUGU;Çubuklu Arabalı;6075;17103
2025;9;IBB TOPLU ULASIM HIZMETLERI MUDURLUGU;İstinye;5095;9377
2025;9;IDO-ISTANBUL DENIZ OTD. SAN. VE TIC. A.S.;Sirkeci-Harem;12987;23715
2025;9;IBB TOPLU ULASIM HIZMETLERI MUDURLUGU;Kuzguncuk;1067;2237
2025;9;IBB TOPLU ULASIM HIZMETLERI MUDURLUGU;Üsküdar;221372;357051
2025;9;DENTUR - AVRASYA DENIZ TAS.TUR.HIZ.INS.SAN.TIC. AS.;Kabataş Ahşap İskele;1574;1925
2025;9;IBB TOPLU ULASIM HIZMETLERI MUDURLUGU;Küçüksu;9552;24288
2025;9;TURYOL - S.S. TURIZM VE YOLCU DENIZ TASIYICILAR KOOPERATIFI;Karaköy;60635;131806
2025;9;IBB TOPLU ULASIM HIZMETLERI MUDURLUGU;Sütlüce;5287;8191
2025;9;IBB TOPLU ULASIM HIZMETLERI MUDURLUGU;Ayvansaray;1303;1857
2025;9;IBB TOPLU ULASIM HIZMETLERI MUDURLUGU;Kadıköy (Eski);29923;46214
2025;9;IBB TOPLU ULASIM HIZMETLERI MUDURLUGU;Çubuklu;721;1054
2025;9;IBB TOPLU ULASIM HIZMETLERI MUDURLUGU;Eminönü - Üsküdar;158093;248347
2025;9;IBB TOPLU ULASIM HIZMETLERI MUDURLUGU;Karaköy;15507;22637
2025;9;TURYOL - S.S. TURIZM VE YOLCU DENIZ TASIYICILAR KOOPERATIFI;Eminönü;132048;207490
2025;9;IBB TOPLU ULASIM HIZMETLERI MUDURLUGU;;15588;25458
2025;9;IBB TOPLU ULASIM HIZMETLERI MUDURLUGU;Eyüp;20870;29079
2025;9;IBB TOPLU ULASIM HIZMETLERI MUDURLUGU;BESIKTAS;14998;28498
2025;9;IBB TOPLU ULASIM HIZMETLERI MUDURLUGU;Çengelköy;12739;40544
2025;9;SINIRLI SORUMLU MAVI MARMARA TURIZM DENIZ YOLCU VE YUK TASIMA VE ISLETME KOOPERATIFI;Kınalıada;15776;37519
2025;9;DENTUR - AVRASYA DENIZ TAS.TUR.HIZ.INS.SAN.TIC. AS.;YENİ KABATAŞ;46844;102127
2025;9;IBB TOPLU ULASIM HIZMETLERI MUDURLUGU;Moda;2707;4134
2025;9;BEYDEN DENIZ ULASIM HIZMETLERI TURIZM VE TIC. LTD. STI.;BEYDEN - Yeniköy;8620;24012
2025;9;BEYDEN DENIZ ULASIM HIZMETLERI TURIZM VE TIC. LTD. STI.;BEYDEN - Beykoz;8622;22684
2025;9;IBB TOPLU ULASIM HIZMETLERI MUDURLUGU;KINALIADA;20073;48552
2025;9;S.S. ISTANBUL KARTAL DENIZ YOL YUK VE TURZ TAS MOTORLU TAS KOOP;Büyükada;26951;60375
2025;9;IBB TOPLU ULASIM HIZMETLERI MUDURLUGU;Arnavutköy;4953;9404
2025;9;IBB TOPLU ULASIM HIZMETLERI MUDURLUGU;Kasımpaşa;15276;30159
2025;9;IBB TOPLU ULASIM HIZMETLERI MUDURLUGU;Beykoz;8505;15794
2025;9;IDO-ISTANBUL DENIZ OTD. SAN. VE TIC. A.S.;Eskihisar;5464;10781
2025;9;IBB TOPLU ULASIM HIZMETLERI MUDURLUGU;BUYUKADA;84246;145437
2025;9;IBB TOPLU ULASIM HIZMETLERI MUDURLUGU;KADIKOY YENI;176226;308050
2025;9;ISTANBUL SEHIR HATLARI TUR. SAN. VE TIC. AS.;İstinye Cubuklu;1885;3251
2025;9;IBB TOPLU ULASIM HIZMETLERI MUDURLUGU;EMINONU BOGAZ;75294;139855
2025;9;IBB TOPLU ULASIM HIZMETLERI MUDURLUGU;Rumeli Kavağı;4773;7033
2025;9;IBB TOPLU ULASIM HIZMETLERI MUDURLUGU;Yenikapı;1;1
2025;9;IBB TOPLU ULASIM HIZMETLERI MUDURLUGU;Kandilli;716;1890
2025;9;IBB TOPLU ULASIM HIZMETLERI MUDURLUGU;BARBAROS;99648;150555
2025;9;IBB TOPLU ULASIM HIZMETLERI MUDURLUGU;KARAKOY;140218;223371
2025;9;IBB TOPLU ULASIM HIZMETLERI MUDURLUGU;Ortaköy;13798;21554
2025;9;IBB TOPLU ULASIM HIZMETLERI MUDURLUGU;BURGAZADA;17370;34908
2025;9;SINIRLI SORUMLU MAVI MARMARA TURIZM DENIZ YOLCU VE YUK TASIMA VE ISLETME KOOPERATIFI;Büyükada;36085;66977
2025;9;IBB TOPLU ULASIM HIZMETLERI MUDURLUGU;Büyükdere;2269;3447
2025;9;SINIRLI SORUMLU MAVI MARMARA TURIZM DENIZ YOLCU VE YUK TASIMA VE ISLETME KOOPERATIFI;Heybeliada;15909;32943
2025;9;IDO-ISTANBUL DENIZ OTD. SAN. VE TIC. A.S.;Harem;12772;23226
2025;9;TURYOL - S.S. TURIZM VE YOLCU DENIZ TASIYICILAR KOOPERATIFI;Kadıköy Balon;37527;57245
2025;9;SINIRLI SORUMLU MAVI MARMARA TURIZM DENIZ YOLCU VE YUK TASIMA VE ISLETME KOOPERATIFI;Burgazada;12473;22540
2025;9;IBB TOPLU ULASIM HIZMETLERI MUDURLUGU;BOSTANCI;2924;6400
2025;9;IBB TOPLU ULASIM HIZMETLERI MUDURLUGU;EMINONU KADIKOY;137368;217419
2025;9;ISTANBUL SEHIR HATLARI TUR. SAN. VE TIC. AS.;Çubuklu Arabalı;1740;3214
2025;9;IBB TOPLU ULASIM HIZMETLERI MUDURLUGU;KADIKOY ESKI;146260;218952
2025;9;IBB TOPLU ULASIM HIZMETLERI MUDURLUGU;Balat;3134;4852
2025;9;IBB TOPLU ULASIM HIZMETLERI MUDURLUGU;ORTAKOY;34311;57613
2025;9;SINIRLI SORUMLU MAVI MARMARA TURIZM DENIZ YOLCU VE YUK TASIMA VE ISLETME KOOPERATIFI;Bostancı;77938;157146
2025;9;DENTUR - AVRASYA DENIZ TAS.TUR.HIZ.INS.SAN.TIC. AS.;Üsküdar;298490;655140
2025;9;IBB TOPLU ULASIM HIZMETLERI MUDURLUGU;Paşabahçe;1421;3733
2025;9;TURYOL - S.S. TURIZM VE YOLCU DENIZ TASIYICILAR KOOPERATIFI;Kadıköy Çayırbaşı;159067;257537
2025;9;DENTUR - AVRASYA DENIZ TAS.TUR.HIZ.INS.SAN.TIC. AS.;Beşiktaş;320077;641591
2025;9;IBB TOPLU ULASIM HIZMETLERI MUDURLUGU;Kanlıca;3382;5243
2025;9;IBB TOPLU ULASIM HIZMETLERI MUDURLUGU;Anadolu Hisarı;9405;18305
2025;9;IBB TOPLU ULASIM HIZMETLERI MUDURLUGU;Beylerbeyi;2689;5835
2025;9;IDO-ISTANBUL DENIZ OTD. SAN. VE TIC. A.S.;Topçular;5284;10590
2025;9;IBB TOPLU ULASIM HIZMETLERI MUDURLUGU;Emirgan;7158;10568
2025;9;S.S. ISTANBUL KARTAL DENIZ YOL YUK VE TURZ TAS MOTORLU TAS KOOP;;330;425
2025;10;IBB TOPLU ULASIM HIZMETLERI MUDURLUGU;Sütlüce;8614;13763
2025;10;IBB TOPLU ULASIM HIZMETLERI MUDURLUGU;Yenikapı;2;3
2025;10;IBB TOPLU ULASIM HIZMETLERI MUDURLUGU;Bostancı;15647;30032
2025;10;IBB TOPLU ULASIM HIZMETLERI MUDURLUGU;Ayvansaray;1743;2669
2025;10;IBB TOPLU ULASIM HIZMETLERI MUDURLUGU;KARAKOY;160685;253406
2025;10;IBB TOPLU ULASIM HIZMETLERI MUDURLUGU;Bebek;18299;28748
2025;10;BEYDEN DENIZ ULASIM HIZMETLERI TURIZM VE TIC. LTD. STI.;BEYDEN - Yeniköy;8718;25676
2025;10;IBB TOPLU ULASIM HIZMETLERI MUDURLUGU;BOSTANCI;2608;6108
2025;10;IBB TOPLU ULASIM HIZMETLERI MUDURLUGU;USKUDAR;85571;142972
2025;10;IBB TOPLU ULASIM HIZMETLERI MUDURLUGU;BESIKTAS;16099;31148
2025;10;IBB TOPLU ULASIM HIZMETLERI MUDURLUGU;Emirgan;7266;10961
2025;10;IBB TOPLU ULASIM HIZMETLERI MUDURLUGU;Rumeli Kavağı;4201;6293
2025;10;IBB TOPLU ULASIM HIZMETLERI MUDURLUGU;Kuzguncuk;1340;2704
2025;10;IBB TOPLU ULASIM HIZMETLERI MUDURLUGU;KADIKOY ESKI;159114;245644
2025;10;DENTUR - AVRASYA DENIZ TAS.TUR.HIZ.INS.SAN.TIC. AS.;Beşiktaş;357862;772201
2025;10;IBB TOPLU ULASIM HIZMETLERI MUDURLUGU;Poyraz;1878;2537
2025;10;TURYOL - S.S. TURIZM VE YOLCU DENIZ TASIYICILAR KOOPERATIFI;Eminönü;141649;228670
2025;10;IBB TOPLU ULASIM HIZMETLERI MUDURLUGU;Çengelköy;14556;48625
2025;10;IBB TOPLU ULASIM HIZMETLERI MUDURLUGU;İstinye Cubuklu;8098;26250
2025;10;IBB TOPLU ULASIM HIZMETLERI MUDURLUGU;Eyüp;22905;32870
2025;10;BEYDEN DENIZ ULASIM HIZMETLERI TURIZM VE TIC. LTD. STI.;BEYDEN - Beykoz;8701;23818
2025;10;TURYOL - S.S. TURIZM VE YOLCU DENIZ TASIYICILAR KOOPERATIFI;Kadıköy Çayırbaşı;173231;284051
2025;10;IBB TOPLU ULASIM HIZMETLERI MUDURLUGU;Anadolu Hisarı;9583;21294
2025;10;IDO-ISTANBUL DENIZ OTD. SAN. VE TIC. A.S.;Harem;13099;23467
2025;10;IBB TOPLU ULASIM HIZMETLERI MUDURLUGU;Karaköy;17244;25028
2025;10;SINIRLI SORUMLU MAVI MARMARA TURIZM DENIZ YOLCU VE YUK TASIMA VE ISLETME KOOPERATIFI;Büyükada;24501;48507
2025;10;IBB TOPLU ULASIM HIZMETLERI MUDURLUGU;EMINONU BOGAZ;79854;147552
2025;10;IBB TOPLU ULASIM HIZMETLERI MUDURLUGU;KADIKOY YENI;194263;344814
2025;10;SINIRLI SORUMLU MAVI MARMARA TURIZM DENIZ YOLCU VE YUK TASIMA VE ISLETME KOOPERATIFI;Burgazada;6967;13370
2025;10;IBB TOPLU ULASIM HIZMETLERI MUDURLUGU;İstinye;5113;9618
2025;10;SINIRLI SORUMLU MAVI MARMARA TURIZM DENIZ YOLCU VE YUK TASIMA VE ISLETME KOOPERATIFI;Bostancı;47105;100539
2025;10;IBB TOPLU ULASIM HIZMETLERI MUDURLUGU;ORTAKOY;38877;65818
2025;10;IBB TOPLU ULASIM HIZMETLERI MUDURLUGU;Aşiyan;20377;50427
2025;10;IBB TOPLU ULASIM HIZMETLERI MUDURLUGU;Ortaköy;14477;22688
2025;10;IDO-ISTANBUL DENIZ OTD. SAN. VE TIC. A.S.;Eskihisar;4977;10285
2025;10;SINIRLI SORUMLU MAVI MARMARA TURIZM DENIZ YOLCU VE YUK TASIMA VE ISLETME KOOPERATIFI;Kınalıada;7185;16725
2025;10;IBB TOPLU ULASIM HIZMETLERI MUDURLUGU;Çubuklu;743;1130
2025;10;IBB TOPLU ULASIM HIZMETLERI MUDURLUGU;Beykoz;8564;16988
2025;10;IBB TOPLU ULASIM HIZMETLERI MUDURLUGU;Eminönü - Üsküdar;168092;263201
2025;10;IBB TOPLU ULASIM HIZMETLERI MUDURLUGU;Sarıyer;15679;29938
2025;10;S.S. ISTANBUL KARTAL DENIZ YOL YUK VE TURZ TAS MOTORLU TAS KOOP;Heybelıada;6334;16514
2025;10;IBB TOPLU ULASIM HIZMETLERI MUDURLUGU;Moda;1996;2999
2025;10;IBB TOPLU ULASIM HIZMETLERI MUDURLUGU;Beşiktaş;28523;42401
2025;10;DENTUR - AVRASYA DENIZ TAS.TUR.HIZ.INS.SAN.TIC. AS.;Üsküdar;327413;771963
2025;10;IBB TOPLU ULASIM HIZMETLERI MUDURLUGU;Paşabahçe;1428;4031
2025;10;S.S. ISTANBUL KARTAL DENIZ YOL YUK VE TURZ TAS MOTORLU TAS KOOP;Büyükada;19141;48428
2025;10;IBB TOPLU ULASIM HIZMETLERI MUDURLUGU;BARBAROS;109604;171743
2025;10;IDO-ISTANBUL DENIZ OTD. SAN. VE TIC. A.S.;Sirkeci-Harem;13291;23938
2025;10;TURYOL - S.S. TURIZM VE YOLCU DENIZ TASIYICILAR KOOPERATIFI;Üsküdar;41000;82538
2025;10;IBB TOPLU ULASIM HIZMETLERI MUDURLUGU;Balat;3892;6276
2025;10;SINIRLI SORUMLU MAVI MARMARA TURIZM DENIZ YOLCU VE YUK TASIMA VE ISLETME KOOPERATIFI;;194;201
2025;10;IBB TOPLU ULASIM HIZMETLERI MUDURLUGU;EMINONU KADIKOY;147216;236390
2025;10;IBB TOPLU ULASIM HIZMETLERI MUDURLUGU;Hasköy;8521;15824
2025;10;DENTUR - AVRASYA DENIZ TAS.TUR.HIZ.INS.SAN.TIC. AS.;Kabataş Ahşap İskele;1;1
2025;10;IBB TOPLU ULASIM HIZMETLERI MUDURLUGU;BUYUKADA;56401;106376
2025;10;IBB TOPLU ULASIM HIZMETLERI MUDURLUGU;;9655;16939
2025;10;S.S. ISTANBUL KARTAL DENIZ YOL YUK VE TURZ TAS MOTORLU TAS KOOP;Kartal;22801;58496
2025;10;IBB TOPLU ULASIM HIZMETLERI MUDURLUGU;Anadolu Kavağı;8668;13333
2025;10;IBB TOPLU ULASIM HIZMETLERI MUDURLUGU;Kadıköy Yeni;1;1
2025;10;IBB TOPLU ULASIM HIZMETLERI MUDURLUGU;Kanlıca;3320;5535
2025;10;IBB TOPLU ULASIM HIZMETLERI MUDURLUGU;Büyükdere;2466;3632
2025;10;IBB TOPLU ULASIM HIZMETLERI MUDURLUGU;Çubuklu Arabalı;7257;23930
2025;10;IBB TOPLU ULASIM HIZMETLERI MUDURLUGU;Kadıköy (Eski);17856;29969
2025;10;SINIRLI SORUMLU MAVI MARMARA TURIZM DENIZ YOLCU VE YUK TASIMA VE ISLETME KOOPERATIFI;Heybeliada;9531;22828
2025;10;IBB TOPLU ULASIM HIZMETLERI MUDURLUGU;Fener;11477;18893
2025;10;IBB TOPLU ULASIM HIZMETLERI MUDURLUGU;YENİ KABATAŞ;54680;104247
2025;10;IBB TOPLU ULASIM HIZMETLERI MUDURLUGU;KINALIADA;9545;21448
2025;10;IBB TOPLU ULASIM HIZMETLERI MUDURLUGU;Küçüksu;10393;34648
2025;10;IBB TOPLU ULASIM HIZMETLERI MUDURLUGU;Kasımpaşa;18032;36710
2025;10;IDO-ISTANBUL DENIZ OTD. SAN. VE TIC. A.S.;Topçular;4736;10044
2025;10;IBB TOPLU ULASIM HIZMETLERI MUDURLUGU;Beylerbeyi;2952;6774
2025;10;IBB TOPLU ULASIM HIZMETLERI MUDURLUGU;BURGAZADA;10088;22146
2025;10;TURYOL - S.S. TURIZM VE YOLCU DENIZ TASIYICILAR KOOPERATIFI;Karaköy;67375;142544
2025;10;IBB TOPLU ULASIM HIZMETLERI MUDURLUGU;HEYBELIADA;15489;36034
2025;10;S.S. ISTANBUL KARTAL DENIZ YOL YUK VE TURZ TAS MOTORLU TAS KOOP;;541;732
2025;10;DENTUR - AVRASYA DENIZ TAS.TUR.HIZ.INS.SAN.TIC. AS.;YENİ KABATAŞ;50622;116633
2025;10;TURYOL - S.S. TURIZM VE YOLCU DENIZ TASIYICILAR KOOPERATIFI;Kadıköy Balon;40307;64402
2025;10;IBB TOPLU ULASIM HIZMETLERI MUDURLUGU;Arnavutköy;6056;11078
2025;10;IBB TOPLU ULASIM HIZMETLERI MUDURLUGU;Kandilli;722;2080
2025;10;IBB TOPLU ULASIM HIZMETLERI MUDURLUGU;Üsküdar;233537;376268
2025;11;IBB TOPLU ULASIM HIZMETLERI MUDURLUGU;İstinye;5648;10266
2025;11;IDO-ISTANBUL DENIZ OTD. SAN. VE TIC. A.S.;Sirkeci-Harem;13246;24432
2025;11;IBB TOPLU ULASIM HIZMETLERI MUDURLUGU;Fener;11458;18002
2025;11;IBB TOPLU ULASIM HIZMETLERI MUDURLUGU;Kanlıca;3514;5590
2025;11;IBB TOPLU ULASIM HIZMETLERI MUDURLUGU;KADIKOY YENI;195371;336506
2025;11;SINIRLI SORUMLU MAVI MARMARA TURIZM DENIZ YOLCU VE YUK TASIMA VE ISLETME KOOPERATIFI;Burgazada;7048;13399
2025;11;IBB TOPLU ULASIM HIZMETLERI MUDURLUGU;Emirgan;8183;12147
2025;11;IBB TOPLU ULASIM HIZMETLERI MUDURLUGU;Çubuklu;847;1192
2025;11;IBB TOPLU ULASIM HIZMETLERI MUDURLUGU;Beykoz;9191;16954
2025;11;IBB TOPLU ULASIM HIZMETLERI MUDURLUGU;BARBAROS;111443;170942
2025;11;TURYOL - S.S. TURIZM VE YOLCU DENIZ TASIYICILAR KOOPERATIFI;Kadıköy Balon;41150;65008
2025;11;IBB TOPLU ULASIM HIZMETLERI MUDURLUGU;Sarıyer;16387;29986
2025;11;IDO-ISTANBUL DENIZ OTD. SAN. VE TIC. A.S.;Eskihisar;5209;10456
2025;11;IBB TOPLU ULASIM HIZMETLERI MUDURLUGU;KARAKOY;153665;239288
2025;11;IBB TOPLU ULASIM HIZMETLERI MUDURLUGU;Hasköy;8939;16343
2025;11;IBB TOPLU ULASIM HIZMETLERI MUDURLUGU;Paşabahçe;1464;3627
2025;11;TURYOL - S.S. TURIZM VE YOLCU DENIZ TASIYICILAR KOOPERATIFI;Kadıköy Çayırbaşı;162732;261339
2025;11;BEYDEN DENIZ ULASIM HIZMETLERI TURIZM VE TIC. LTD. STI.;BEYDEN - Yeniköy;9484;26020
2025;11;TURYOL - S.S. TURIZM VE YOLCU DENIZ TASIYICILAR KOOPERATIFI;Karaköy;64890;135454
2025;11;IBB TOPLU ULASIM HIZMETLERI MUDURLUGU;KINALIADA;7267;15062
2025;11;S.S. ISTANBUL KARTAL DENIZ YOL YUK VE TURZ TAS MOTORLU TAS KOOP;Heybelıada;6209;15461
2025;11;IBB TOPLU ULASIM HIZMETLERI MUDURLUGU;Aşiyan;26566;56582
2025;11;IBB TOPLU ULASIM HIZMETLERI MUDURLUGU;BURGAZADA;9960;20535
2025;11;IBB TOPLU ULASIM HIZMETLERI MUDURLUGU;EMINONU KADIKOY;144607;226130
2025;11;BEYDEN DENIZ ULASIM HIZMETLERI TURIZM VE TIC. LTD. STI.;BEYDEN - Beykoz;9406;23904
2025;11;IBB TOPLU ULASIM HIZMETLERI MUDURLUGU;BOSTANCI;2873;6322
2025;11;IBB TOPLU ULASIM HIZMETLERI MUDURLUGU;Ortaköy;14758;22510
2025;11;IBB TOPLU ULASIM HIZMETLERI MUDURLUGU;Bostancı;14794;28309
2025;11;SINIRLI SORUMLU MAVI MARMARA TURIZM DENIZ YOLCU VE YUK TASIMA VE ISLETME KOOPERATIFI;Büyükada;24118;46829
2025;11;IDO-ISTANBUL DENIZ OTD. SAN. VE TIC. A.S.;Topçular;5250;10420
2025;11;IBB TOPLU ULASIM HIZMETLERI MUDURLUGU;BESIKTAS;16546;31115
2025;11;IBB TOPLU ULASIM HIZMETLERI MUDURLUGU;İstinye Cubuklu;8803;26357
2025;11;S.S. ISTANBUL KARTAL DENIZ YOL YUK VE TURZ TAS MOTORLU TAS KOOP;;1;1
2025;11;IBB TOPLU ULASIM HIZMETLERI MUDURLUGU;Rumeli Kavağı;3771;5638
2025;11;IBB TOPLU ULASIM HIZMETLERI MUDURLUGU;Bebek;13378;21849
2025;11;IBB TOPLU ULASIM HIZMETLERI MUDURLUGU;Çengelköy;14995;45416
2025;11;S.S. ISTANBUL KARTAL DENIZ YOL YUK VE TURZ TAS MOTORLU TAS KOOP;Büyükada;19800;48428
2025;11;IBB TOPLU ULASIM HIZMETLERI MUDURLUGU;Eminönü - Üsküdar;165208;254133
2025;11;IBB TOPLU ULASIM HIZMETLERI MUDURLUGU;Sütlüce;8926;14121
2025;11;DENTUR - AVRASYA DENIZ TAS.TUR.HIZ.INS.SAN.TIC. AS.;YENİ KABATAŞ;54571;119824
2025;11;IBB TOPLU ULASIM HIZMETLERI MUDURLUGU;Poyraz;321;330
2025;11;IBB TOPLU ULASIM HIZMETLERI MUDURLUGU;Ayvansaray;1597;2435
2025;11;IBB TOPLU ULASIM HIZMETLERI MUDURLUGU;Çubuklu Arabalı;8048;23888
2025;11;IBB TOPLU ULASIM HIZMETLERI MUDURLUGU;Kadıköy Yeni;2;2
2025;11;IBB TOPLU ULASIM HIZMETLERI MUDURLUGU;YENİ KABATAŞ;52296;97915
2025;11;IBB TOPLU ULASIM HIZMETLERI MUDURLUGU;Arnavutköy;5934;10979
2025;11;TURYOL - S.S. TURIZM VE YOLCU DENIZ TASIYICILAR KOOPERATIFI;Üsküdar;42937;82672
2025;11;IBB TOPLU ULASIM HIZMETLERI MUDURLUGU;Kadıköy (Eski);16482;27583
2025;11;IBB TOPLU ULASIM HIZMETLERI MUDURLUGU;Karaköy;18845;26962
2025;11;DENTUR - AVRASYA DENIZ TAS.TUR.HIZ.INS.SAN.TIC. AS.;Beşiktaş;369158;764925
2025;11;IBB TOPLU ULASIM HIZMETLERI MUDURLUGU;Küçüksu;10944;31563
2025;11;IBB TOPLU ULASIM HIZMETLERI MUDURLUGU;Anadolu Hisarı;10328;20950
2025;11;IBB TOPLU ULASIM HIZMETLERI MUDURLUGU;USKUDAR;90311;145642
2025;11;IBB TOPLU ULASIM HIZMETLERI MUDURLUGU;ORTAKOY;38150;62447
2025;11;S.S. ISTANBUL KARTAL DENIZ YOL YUK VE TURZ TAS MOTORLU TAS KOOP;Kartal;23557;57561
2025;11;IBB TOPLU ULASIM HIZMETLERI MUDURLUGU;Kasımpaşa;20197;38411
2025;11;IBB TOPLU ULASIM HIZMETLERI MUDURLUGU;;10543;18531
2025;11;IBB TOPLU ULASIM HIZMETLERI MUDURLUGU;Anadolu Kavağı;9045;13427
2025;11;IBB TOPLU ULASIM HIZMETLERI MUDURLUGU;Kuzguncuk;1314;2479
2025;11;IBB TOPLU ULASIM HIZMETLERI MUDURLUGU;KADIKOY ESKI;159085;240487
2025;11;IBB TOPLU ULASIM HIZMETLERI MUDURLUGU;Beşiktaş;27781;40761
2025;11;IBB TOPLU ULASIM HIZMETLERI MUDURLUGU;Beylerbeyi;3059;6300
2025;11;IBB TOPLU ULASIM HIZMETLERI MUDURLUGU;Büyükdere;2615;3881
2025;11;DENTUR - AVRASYA DENIZ TAS.TUR.HIZ.INS.SAN.TIC. AS.;Üsküdar;337652;763156
2025;11;IBB TOPLU ULASIM HIZMETLERI MUDURLUGU;Üsküdar;236541;370969
2025;11;IBB TOPLU ULASIM HIZMETLERI MUDURLUGU;HEYBELIADA;14656;32610
2025;11;IBB TOPLU ULASIM HIZMETLERI MUDURLUGU;Kandilli;850;2104
2025;11;IBB TOPLU ULASIM HIZMETLERI MUDURLUGU;EMINONU BOGAZ;77047;139461
2025;11;IDO-ISTANBUL DENIZ OTD. SAN. VE TIC. A.S.;Kadıköy;1;1
2025;11;DENTUR - AVRASYA DENIZ TAS.TUR.HIZ.INS.SAN.TIC. AS.;Kabataş Ahşap İskele;963;1066
2025;11;IBB TOPLU ULASIM HIZMETLERI MUDURLUGU;Balat;3954;6170
2025;11;IBB TOPLU ULASIM HIZMETLERI MUDURLUGU;Eyüp;25597;36037
2025;11;IDO-ISTANBUL DENIZ OTD. SAN. VE TIC. A.S.;Harem;13585;24259
2025;11;IBB TOPLU ULASIM HIZMETLERI MUDURLUGU;BUYUKADA;52450;95710
2025;11;TURYOL - S.S. TURIZM VE YOLCU DENIZ TASIYICILAR KOOPERATIFI;Eminönü;141014;222816
2025;11;SINIRLI SORUMLU MAVI MARMARA TURIZM DENIZ YOLCU VE YUK TASIMA VE ISLETME KOOPERATIFI;Heybeliada;9736;22181
2025;11;SINIRLI SORUMLU MAVI MARMARA TURIZM DENIZ YOLCU VE YUK TASIMA VE ISLETME KOOPERATIFI;Bostancı;46507;94734
2025;11;SINIRLI SORUMLU MAVI MARMARA TURIZM DENIZ YOLCU VE YUK TASIMA VE ISLETME KOOPERATIFI;Kınalıada;6213;13721
2025;11;IBB TOPLU ULASIM HIZMETLERI MUDURLUGU;Moda;1958;2919
2025;12;IBB TOPLU ULASIM HIZMETLERI MUDURLUGU;Çubuklu;492;844
2025;12;IBB TOPLU ULASIM HIZMETLERI MUDURLUGU;Paşabahçe;1149;3661
2025;12;IBB TOPLU ULASIM HIZMETLERI MUDURLUGU;Sütlüce;5134;9482
2025;12;IBB TOPLU ULASIM HIZMETLERI MUDURLUGU;Poyraz;112;114
2025;12;TURYOL - S.S. TURIZM VE YOLCU DENIZ TASIYICILAR KOOPERATIFI;Karaköy;55329;127504
2025;12;IBB TOPLU ULASIM HIZMETLERI MUDURLUGU;BURGAZADA;5472;14582
2025;12;SINIRLI SORUMLU MAVI MARMARA TURIZM DENIZ YOLCU VE YUK TASIMA VE ISLETME KOOPERATIFI;Büyükada;14734;34066
2025;12;IBB TOPLU ULASIM HIZMETLERI MUDURLUGU;Kuzguncuk;925;2149
2025;12;S.S. ISTANBUL KARTAL DENIZ YOL YUK VE TURZ TAS MOTORLU TAS KOOP;Heybelıada;4551;13979
2025;12;IBB TOPLU ULASIM HIZMETLERI MUDURLUGU;Büyükdere;1733;2710
2025;12;S.S. ISTANBUL KARTAL DENIZ YOL YUK VE TURZ TAS MOTORLU TAS KOOP;Kartal;15363;46855
2025;12;IBB TOPLU ULASIM HIZMETLERI MUDURLUGU;Emirgan;4816;7722
2025;12;SINIRLI SORUMLU MAVI MARMARA TURIZM DENIZ YOLCU VE YUK TASIMA VE ISLETME KOOPERATIFI;Heybeliada;6724;18264
2025;12;IBB TOPLU ULASIM HIZMETLERI MUDURLUGU;HEYBELIADA;9392;26124
2025;12;IBB TOPLU ULASIM HIZMETLERI MUDURLUGU;;6664;13401
2025;12;IBB TOPLU ULASIM HIZMETLERI MUDURLUGU;EMINONU KADIKOY;124542;195846
2025;12;IBB TOPLU ULASIM HIZMETLERI MUDURLUGU;Çubuklu Arabalı;6895;24531
2025;12;IDO-ISTANBUL DENIZ OTD. SAN. VE TIC. A.S.;Sirkeci-Harem;10921;19776
2025;12;IBB TOPLU ULASIM HIZMETLERI MUDURLUGU;Üsküdar;182847;297216
2025;12;IBB TOPLU ULASIM HIZMETLERI MUDURLUGU;Ayvansaray;1217;1935
2025;12;TURYOL - S.S. TURIZM VE YOLCU DENIZ TASIYICILAR KOOPERATIFI;Üsküdar;31811;68534
2025;12;IBB TOPLU ULASIM HIZMETLERI MUDURLUGU;KINALIADA;4082;10213
2025;12;IBB TOPLU ULASIM HIZMETLERI MUDURLUGU;Kadıköy (Eski);10107;18734
2025;12;S.S. ISTANBUL KARTAL DENIZ YOL YUK VE TURZ TAS MOTORLU TAS KOOP;;6170;11588
2025;12;IBB TOPLU ULASIM HIZMETLERI MUDURLUGU;Beykoz;6285;14527
2025;12;IDO-ISTANBUL DENIZ OTD. SAN. VE TIC. A.S.;Harem;10641;18878
2025;12;IBB TOPLU ULASIM HIZMETLERI MUDURLUGU;Eyüp;17270;25275
2025;12;IBB TOPLU ULASIM HIZMETLERI MUDURLUGU;İstinye Cubuklu;7840;27203
2025;12;TURYOL - S.S. TURIZM VE YOLCU DENIZ TASIYICILAR KOOPERATIFI;Kadıköy Balon;36672;59775
2025;12;IBB TOPLU ULASIM HIZMETLERI MUDURLUGU;Beylerbeyi;2034;5219
2025;12;IBB TOPLU ULASIM HIZMETLERI MUDURLUGU;Rumeli Kavağı;2156;3562
2025;12;IBB TOPLU ULASIM HIZMETLERI MUDURLUGU;Karaköy;14320;21587
2025;12;BEYDEN DENIZ ULASIM HIZMETLERI TURIZM VE TIC. LTD. STI.;BEYDEN - Yeniköy;7778;24696
2025;12;IBB TOPLU ULASIM HIZMETLERI MUDURLUGU;Kasımpaşa;20903;38889
2025;12;TURYOL - S.S. TURIZM VE YOLCU DENIZ TASIYICILAR KOOPERATIFI;Eminönü;110696;181699
2025;12;IBB TOPLU ULASIM HIZMETLERI MUDURLUGU;BOSTANCI;2363;5978
2025;12;IBB TOPLU ULASIM HIZMETLERI MUDURLUGU;Aşiyan;22093;58035
2025;12;IBB TOPLU ULASIM HIZMETLERI MUDURLUGU;Fener;9524;15241
2025;12;IDO-ISTANBUL DENIZ OTD. SAN. VE TIC. A.S.;Kadıköy;1;1
2025;12;DENTUR - AVRASYA DENIZ TAS.TUR.HIZ.INS.SAN.TIC. AS.;YENİ KABATAŞ;46143;114052
2025;12;IBB TOPLU ULASIM HIZMETLERI MUDURLUGU;Balat;3167;5205
2025;12;IBB TOPLU ULASIM HIZMETLERI MUDURLUGU;YENİ KABATAŞ;45128;91184
2025;12;IBB TOPLU ULASIM HIZMETLERI MUDURLUGU;Kadıköy Yeni;1;1
2025;12;IBB TOPLU ULASIM HIZMETLERI MUDURLUGU;İstinye;4370;8805
2025;12;IBB TOPLU ULASIM HIZMETLERI MUDURLUGU;Kanlıca;2107;4051
2025;12;IBB TOPLU ULASIM HIZMETLERI MUDURLUGU;Bebek;6978;11525
2025;12;SINIRLI SORUMLU MAVI MARMARA TURIZM DENIZ YOLCU VE YUK TASIMA VE ISLETME KOOPERATIFI;Kınalıada;3259;9809
2025;12;IDO-ISTANBUL DENIZ OTD. SAN. VE TIC. A.S.;Eskihisar;4507;9371
2025;12;IBB TOPLU ULASIM HIZMETLERI MUDURLUGU;Çengelköy;11595;43923
2025;12;DENTUR - AVRASYA DENIZ TAS.TUR.HIZ.INS.SAN.TIC. AS.;Üsküdar;281404;704035
2025;12;IBB TOPLU ULASIM HIZMETLERI MUDURLUGU;KADIKOY YENI;175686;311229
2025;12;IBB TOPLU ULASIM HIZMETLERI MUDURLUGU;EMINONU BOGAZ;57264;112537
2025;12;IBB TOPLU ULASIM HIZMETLERI MUDURLUGU;Arnavutköy;4544;9396
2025;12;SINIRLI SORUMLU MAVI MARMARA TURIZM DENIZ YOLCU VE YUK TASIMA VE ISLETME KOOPERATIFI;Burgazada;4041;9252
2025;12;IBB TOPLU ULASIM HIZMETLERI MUDURLUGU;Anadolu Kavağı;4766;8043
2025;12;IBB TOPLU ULASIM HIZMETLERI MUDURLUGU;Bostancı;10897;23709
2025;12;IBB TOPLU ULASIM HIZMETLERI MUDURLUGU;KADIKOY ESKI;133608;207063
2025;12;IBB TOPLU ULASIM HIZMETLERI MUDURLUGU;Hasköy;6826;13469
2025;12;IBB TOPLU ULASIM HIZMETLERI MUDURLUGU;Anadolu Hisarı;7430;18615
2025;12;IBB TOPLU ULASIM HIZMETLERI MUDURLUGU;BARBAROS;96978;153258
2025;12;IBB TOPLU ULASIM HIZMETLERI MUDURLUGU;USKUDAR;65842;115370
2025;12;DENTUR - AVRASYA DENIZ TAS.TUR.HIZ.INS.SAN.TIC. AS.;Beşiktaş;307262;694796
2025;12;BEYDEN DENIZ ULASIM HIZMETLERI TURIZM VE TIC. LTD. STI.;BEYDEN - Beykoz;7644;23338
2025;12;DENTUR - AVRASYA DENIZ TAS.TUR.HIZ.INS.SAN.TIC. AS.;Kabataş Ahşap İskele;4;4
2025;12;IBB TOPLU ULASIM HIZMETLERI MUDURLUGU;Sarıyer;10892;23011
2025;12;SINIRLI SORUMLU MAVI MARMARA TURIZM DENIZ YOLCU VE YUK TASIMA VE ISLETME KOOPERATIFI;Bostancı;30489;73155
2025;12;SINIRLI SORUMLU MAVI MARMARA TURIZM DENIZ YOLCU VE YUK TASIMA VE ISLETME KOOPERATIFI;;879;984
2025;12;IBB TOPLU ULASIM HIZMETLERI MUDURLUGU;Beşiktaş;19219;29018
2025;12;IBB TOPLU ULASIM HIZMETLERI MUDURLUGU;BUYUKADA;31661;65745
2025;12;IBB TOPLU ULASIM HIZMETLERI MUDURLUGU;BESIKTAS;11645;25297
2025;12;IDO-ISTANBUL DENIZ OTD. SAN. VE TIC. A.S.;Topçular;4296;9058
2025;12;IBB TOPLU ULASIM HIZMETLERI MUDURLUGU;KARAKOY;130957;205849
2025;12;IBB TOPLU ULASIM HIZMETLERI MUDURLUGU;Moda;1603;2609
2025;12;IBB TOPLU ULASIM HIZMETLERI MUDURLUGU;Kandilli;640;1868
2025;12;TURYOL - S.S. TURIZM VE YOLCU DENIZ TASIYICILAR KOOPERATIFI;Kadıköy Çayırbaşı;134919;220964
2025;12;S.S. ISTANBUL KARTAL DENIZ YOL YUK VE TURZ TAS MOTORLU TAS KOOP;Büyükada;9434;25988
2025;12;IBB TOPLU ULASIM HIZMETLERI MUDURLUGU;Eminönü - Üsküdar;130182;203626
2025;12;IBB TOPLU ULASIM HIZMETLERI MUDURLUGU;Ortaköy;9847;15832
2025;12;IBB TOPLU ULASIM HIZMETLERI MUDURLUGU;Küçüksu;8772;30858
2025;12;IBB TOPLU ULASIM HIZMETLERI MUDURLUGU;ORTAKOY;28323;50029
